Autor,Universidad,Correo,Intereses,Cant Citas
Hans Zinnecker,Universidad Autónoma de Chile,Dirección de correo verificada de uautonoma.cl,,Citado por 19048
Eugenio Uriarte,"Profesor de Química Medicinal, Universidad de Santiago de Compostela, Universidad …",Dirección de correo verificada de uautonoma.cl,medicinal chemistry ,Citado por 14486
Vicente Martinez,Investigador Asociado Universidad Autónoma de Chile,Dirección de correo verificada de uautonoma.cl,Public Health Obesity epidemiology ,Citado por 9930
Nassir Sapag,Universidad Autónoma de Chile,Dirección de correo verificada de uautonoma.cl,Proyectos Inversiones finanzas riesgo ,Citado por 9646
José Antonio Vega,Investigador asociado Universidad Autónoma de Chile,Dirección de correo verificada de uautonoma.cl,Morphology ,Citado por 8550
Prof. Dr. Jose luis calvo guirado,Investigador Asociado de la Facultad de Ciencias de la Salud. Universidad Autónoma de …,Dirección de correo verificada de uautonoma.cl,implantes dentales dentin grinder biomateriales ,Citado por 8263
"Garcia-Gordillo, MA","Facultad de Administración y Negocios, Universidad Autónoma de Chile",Dirección de correo verificada de uautonoma.cl,Economía de la salud ,Citado por 7235
Jose L. Salmeron,Professor of Data Science (University Pablo de Olavide) and Universidad Autónoma de …,Dirección de correo verificada de uautonoma.cl,Data Science Computational Intelligence Soft computing eXplainable Artificial Intelligence Distributed Artificial Intelligen ,Citado por 4884
Ernesto Schiefelbein,Universidad Autónoma de Chile,Dirección de correo verificada de uautonoma.cl,Educación flipped classroom. ,Citado por 4410
JOSE JESUS GAZQUEZ LINARES,"Catedrático de Psicología, Universidad Autónoma de Chile",Dirección de correo verificada de uautonoma.cl,,Citado por 4406
Giovanna Cottin,Universidad Adolfo Ibañez,Dirección de correo verificada de uai.cl,Particle Phenomenology Beyond the Standard Model Long-Lived Particles Higgs ,Citado por 121956
Andrés Jordán,Universidad Adolfo Ibáñez,Dirección de correo verificada de uai.cl,Exoplanets protoplanetary and debris disks early-type galaxies globular clusters ,Citado por 16710
José Luis Campos,"Facultad de Ingeniería y Ciencias, Universidad Adolfo Ibáñez",Dirección de correo verificada de uai.cl,Wastewater treatment ,Citado por 11265
Sandra Milberg,"Professor of Marketing, Universidad Adolfo Ibañez",Dirección de correo verificada de uai.cl,Consumer Behavior Branding Decision Making Information Privacy ,Citado por 9715
Bernardo R. Broitman,"Professor, Departamento de Ciencias, Facultad Artes Liberales, Universidad Adolfo Ibáñez",Dirección de correo verificada de uai.cl,Biophysical forcing Coastal ecosystems Biogeography ,Citado por 6364
Tito Homem-de-Mello,Professor. School of Business. Universidad Adolfo Ibañez.,Dirección de correo verificada de uai.cl,Optimization under uncertainty. ,Citado por 5305
"Constanza Bianchi, PhD",Universidad Adolfo Ibañez - Queensland University of Technology,Dirección de correo verificada de uai.cl,International marketing ,Citado por 4913
Daniel Olivares Quero,"Faculty of Engineering and Sciences, Universidad Adolfo Ibañez",Dirección de correo verificada de uai.cl,Power & Energy Systems Smartgrids Microgrids Applied Optimization. ,Citado por 4508
Bernardo González,Universidad Adolfo Ibáñez. Universidad Católica de Chile,Dirección de correo verificada de uai.cl,,Citado por 4386
Andrea Repetto,Universidad Adolfo Ibañez,Dirección de correo verificada de uai.cl,Applied Economics ,Citado por 4350
Maroun Khoury,"Director of Investigation, Universidad de los Andes, Santiago",Dirección de correo verificada de uandes.cl,stem cells ,Citado por 3848
Karina Pino-Lagos,"Immunologist, Faculty of Medicine, Universidad de los Andes",Dirección de correo verificada de uandes.cl,Immunology Transplantation Immuneregulation Inflammation ,Citado por 3402
Ursula Wyneken,Universidad de los Andes,Dirección de correo verificada de uandes.cl,Neurociencias ,Citado por 2494
Jimena Cuenca Moreno,Universidad de los Andes,Dirección de correo verificada de uandes.cl,Cell therapy inflammation mesenchymal stem cells ,Citado por 2481
María Teresa Valenzuela,"Vicedecana de Investigación, Universidad de los Andes",Dirección de correo verificada de uandes.cl,Salud Pública ,Citado por 2437
Matias Braun,"Professor of Financial Economics, ESE Business School, Universidad de los Andes",Dirección de correo verificada de uandes.cl,Financial Development Political Economy Economic History ,Citado por 2340
Fernando E. Figueroa,"Universidad de los Andes, Santiago de Chile",Dirección de correo verificada de UANDES.CL,,Citado por 2202
Hernán Corral,Profesor de Derecho Civil Universidad de los Andes de Santiago de Chile,Dirección de correo verificada de uandes.cl,Derecho de la persona derecho de familia contratos responsabilidad civil Tomás Moro y su faceta jurídica ,Citado por 2186
Lara J Monteiro,"Postdoc fellow, Universidad de los Andes, Chile",Dirección de correo verificada de miuandes.cl,Molecular Biology Cancer Reproductive Biology ,Citado por 2067
Dolores Busso,"Facultad de Medicina, Universidad de los Andes",Dirección de correo verificada de uandes.cl,,Citado por 1818
Pablo Vial,Universidad del Desarrollo,Dirección de correo verificada de udd.cl,pediatria infectologia virologia ,Citado por 7711
Mauricio A. Retamal,"Universidad del Desarrollo, Centro de Fisiología Celular e Integrativa",Dirección de correo verificada de udd.cl,General Physiology Cell Physiology ,Citado por 3853
Mauricio A. Retamal,"Universidad del Desarrollo, Centro de Fisiología Celular e Integrativa",Dirección de correo verificada de udd.cl,Ion channels Connexins Hemichannels ,Citado por 3772
Iris Delgado Becerra,"Facultad de Medicina, Clínica Alemana Universidad del Desarrollo",Dirección de correo verificada de udd.cl,Salud Publica Determinantes Sociales de La salud Evaluación de Políticas de Salud ,Citado por 3394
Baltica Cabieses,Prof. Social Epidemiology at UDD; Senior visiting scholar at UoYork; Co-leader Lancet …,Dirección de correo verificada de udd.cl,Health inequalities global public health migration and health patients research implementation science ,Citado por 3151
Jaime R. Silva,Universidad del Desarrollo,Dirección de correo verificada de udd.cl,Stress eating behavior affective disorders metacognition developmental psychopathology ,Citado por 2522
Javier Castro,"Universidad del Desarrollo, Chile",Dirección de correo verificada de ingenieros.udd.cl,cement concrete LWA fly ash ,Citado por 2385
Claudia Gonzalez Wiedmaier,"Centro de Epidemiología y Políticas de Salud, facultad de medicina, CAS-UDD",Dirección de correo verificada de udd.cl,Salud Pública Epidemiología ,Citado por 2324
Roberto Melipillán,"Universidad del Desarrollo, Faculty of Psychology, CEBCS",Dirección de correo verificada de udd.cl,Survey Methodology Latent Variable Models Machine Learning ,Citado por 2305
Ximena Aguilera MD MPH Public Health Physician. Full Professor,Centro de Epidemiología y Políticas de Salud. Fac. de Medicina Universidad del Desarrollo …,Dirección de correo verificada de udd.cl,Public Health Epidemiology Communicable Diseases Health System ,Citado por 2119
Jose Rodriguez,"Professor, Engineering Faculty, Universidad Andres Bello",Dirección de correo verificada de unab.cl,Power electronics multilevel converters predictive control renewable energy industrial electronics ,Citado por 71697
Eduardo Alejandro Gutierrez Ramirez,"Magister, Universidad Andres Bello",Dirección de correo verificada de uandresbello.edu,history ,Citado por 31563
Patricia Perez,Universidad Andres Bello,Dirección de correo verificada de unab.cl,Theoretical Chemistry Chemical Reactivity ,Citado por 10159
Ariel Orellana,"Universidad Andres Bello, Chile",Dirección de correo verificada de unab.cl,Plant Biology Cell Biology Genomics Proteomics ,Citado por 6094
Claudia Andrea Riedel,Universidad Andrés Bello,Dirección de correo verificada de unab.cl,Hypothyroxinemia iodide pregnancy fetal programming inflammatory … ,Citado por 6003
Giancarlo V. De Ferrari,"Full Professor, Universidad Andres Bello",Dirección de correo verificada de unab.cl,Wnt/beta-catenin signaling Alzheimer's disease autism spectrum disorders cancer genetics and genomics ,Citado por 5156
Alvaro A. Elorza,"Full Professor, Institute of Biomedical Sciences, Universidad Andres Bello",Dirección de correo verificada de unab.cl,Mitochondria Stem Cells Cancer Hematopoiesis Aging ,Citado por 5080
Eduardo Chamorro,Director Programa de Doctorado en FisicoQuimica Molecular. Universidad Andres Bello,Dirección de correo verificada de unab.cl,Chemical Reactivity Density Functional Theory Spin polarized ,Citado por 4598
Claudio Cabello-Verrugio,Universidad Andres Bello,Dirección de correo verificada de unab.cl,skeletal muscle atrophy angiotensin 1-7 TGF-beta angiotensin II ,Citado por 3719
Felipe Simon,Universidad Andres Bello,Dirección de correo verificada de unab.cl,Inflammation Sepsis Vascular endothelial function Diagnosis ICU ,Citado por 3504
jorge cancino,Universidad San Sebastian,Dirección de correo verificada de uss.cl,Biología Celular ,Citado por 11572
Kokkarachedu Varaprasad,"Facultad de Ingeniería y Tecnología, Universidad San Sebastián",Dirección de correo verificada de uss.cl,… for infection control  &  Hydrogels for … ,Citado por 4624
Rommy von Bernhardi,Professor for Neuroscience; Dean Faculty for Health Science Universidad San Sebastian,Dirección de correo verificada de uss.cl,Aging Alzheimer's disease glia neurodegenerative diseases neuroinflammation ,Citado por 4529
Carlos P Vio,Universidad San Sebastian,Dirección de correo verificada de uss.cl,Nephrology Hypertension Renal Physiology and Pathology ,Citado por 3780
Valentina Echeverria,"Research Professor, Universidad San Sebastián de Chile. Scientist, Bay Pines VAHCS,USA",Dirección de correo verificada de uss.cl,Neurodegenerative diseases Psychiatric diseases Nicotinic receptors traditional medicine research Tobacco derivatives ,Citado por 3681
Alejandro S. Godoy,Universidad San Sebastián; Roswell Park Cancer Institute,Dirección de correo verificada de uss.cl,Prostate cancer tumor microenvironment angiogenesis metabolism androgens ,Citado por 2486
Verena Häussermann,Universidad San Sebastian,Dirección de correo verificada de uss.cl,marine biodiversity cold-water corals marine protected areas biogeography ,Citado por 2385
Andrea Leiva,Profesor Asociado. Universidad San Sebastián,Dirección de correo verificada de uss.cl,Lipid metabolism. Endothelial function … ,Citado por 2231
Andrea Soza,Universidad San Sebastián,Dirección de correo verificada de uss.cl,cell biology ,Citado por 2222
Samuel Durán Agüero,"Professor of Nutrition, Universidad San Sebastián",Dirección de correo verificada de uss.cl,Nutrition artificial sweeteners obesity old adults ,Citado por 2188
Fabio A. Labra R.,"Professor, Facultad de Ciencias, Universidad Santo Tomás, Santiago, Chile",Dirección de correo verificada de santotomas.cl,Macroecology Complexity Theory Conservation Biology Ecophysiology Climate Change ,Citado por 1131
Hugo Ochoa-Acuña,Universidad Santo Tomás,Dirección de correo verificada de santotomas.cl,,Citado por 1131
Vilma Quitral,Académico de Universidad Santo Tomás,Dirección de correo verificada de santotomas.cl,Alimentos Análisis sensorial Algas ,Citado por 983
Juan Jose Negroni Vera,Universidad Santo Tomás,Dirección de correo verificada de santotomas.cl,Power electronics Control Electrónica ,Citado por 917
Miguel Castro Retamal,Universidad Santo Tomás,Dirección de correo verificada de santotomas.cl,,Citado por 898
exequiel r. gonzalez,"universidad santo tomas, chile",Dirección de correo verificada de santotomas.cl,amphipoda taxonomy ,Citado por 778
Héctor J Pavés,"Departamento de Ciencias Básica, Universidad Santo Tomas",Dirección de correo verificada de santotomas.cl,Conservation Biology in Marine Top Predator … ,Citado por 668
Dr. Rodrigo A. Moreno,"Full Professor, Facultad de Ciencias, Universidad Santo Tomás, Santiago",Dirección de correo verificada de santotomas.cl,Biogeography Conservation Evolutionary Biology Ecology ,Citado por 658
Alejandro Reyes-Reyes,"Profesor de Psicología, Universidad Santo Tomás, Concepción, Chile.",Dirección de correo verificada de santotomas.cl,Empatía Psicometría Metodología de la investigación ,Citado por 642
Guillermo Mendez-Rebolledo,Universidad Santo Tomás,Dirección de correo verificada de santotomas.cl,Muscle Strength Motor Control Physiotherapy Sport Science. ,Citado por 564
Eduardo A. Undurraga,"Escuela de Gobierno, Pontificia Universidad Católica de Chile",Dirección de correo verificada de uc.cl,Population health health economics modeling poverty and inequality infectious diseases ,Citado por 87072
Alejandro Clocchiatti Garcia,Pontificia Universidad Católica de Chile,Dirección de correo verificada de uc.cl,Astrophysics Supernovae Cosmology Education ,Citado por 40510
Catterina Ferreccio,Department of Public Health/School of Medicine/Pontificia Universidad Católica de Chile,Dirección de correo verificada de med.puc.cl,Epidemiology ,Citado por 35586
Ramon Corbalan,"Profesor de Cardiología, Pontificia Universidad Catolica de Chile",Dirección de correo verificada de med.puc.cl,Cardiologia ,Citado por 31744
Juan J. Armesto,"Professor, Pontificia Universidad Católica de Chile",Dirección de correo verificada de bio.puc.cl,ecology forest science ecosystem science earth science ,Citado por 28795
Flavio Nervi,"Departamento de Gastroenterología, Pontificia Universidad Católica de Chile",Dirección de correo verificada de med.puc.cl,gastroenterology gallstones biliary lipids metabolism cholesterol ,Citado por 27683
Nibaldo C. Inestrosa,Pontificia Universidad Catolica de Chile,Dirección de correo verificada de bio.puc.cl,,Citado por 27361
Juan Pedro Kusanovic,Pontificia Universidad Católica de Chile,Dirección de correo verificada de med.puc.cl,Maternal-Fetal Medicine ,Citado por 26158
Juan Carlos Castilla,P. Universidad Catolica de Chile,Dirección de correo verificada de bio.puc.cl,Rocky interidal Conservation-MPAs Invasive species Humam impacts ,Citado por 23884
Pablo A. Marquet,"Professor of Ecology, Pontificia Universidad Catolica de Chile & The Santa Fe Institute",Dirección de correo verificada de bio.puc.cl,Macroecology theoretical ecology Complex systems Global change Conservation ,Citado por 23639
Nelson Silva,"Escuela de Ciencias del Mar, Pontificia Universidad Católica de Valparaíso",Dirección de correo verificada de pucv.cl,oceanografía biogeoquímica marina fiordos patagonia sedimentos ,Citado por 12201
Cristóbal Sifón,"Profesor Asociado, Instituto de Física, Pontificia Universidad Católica de Valparaíso",Dirección de correo verificada de pucv.cl,Galaxy clusters observational cosmology ,Citado por 6484
Victor Leiva,"Escuela de Ingeniería Industrial, Pontificia Universidad Católica de Valparaíso",Dirección de correo verificada de pucv.cl,Data Science-Big Data Statistical Modeling Machine Learning-Artificial Intelligence Operational Research Quality Control ,Citado por 5858
Joel Saavedra,Pontificia Universidad Católica de Valparaíso,Dirección de correo verificada de ucv.cl,Gravitación Cosmología ,Citado por 5368
Claudia Mellado,"Profesor de Periodismo, Pontificia Universidad Católica de Valparaíso",Dirección de correo verificada de pucv.cl,journalistic role performance journalistic cultures comparative research professional roles ,Citado por 5102
Romina Pedreschi,Pontificia Universidad Católica de Valparaíso,Dirección de correo verificada de pucv.cl,postharvest physiology food engineering food science ,Citado por 4615
Javier A. Bravo,PONTIFICIA UNIVERSIDAD CATÓLICA DE VALPARAÍSO,Dirección de correo verificada de pucv.cl,,Citado por 4459
Giovanni Parodi,Pontificia Universidad Católica de Valparaíso,Dirección de correo verificada de pucv.cl,Psicolingüística Lingüística de Corpus Géneros del Discurso Multimodalidad ,Citado por 4342
Carlos Cristi-Montero,Pontificia Universidad Católica de Valparaiso,Dirección de correo verificada de pucv.cl,Ciencias de la Actividad Física y Deportes ,Citado por 4143
Maria Argudo-Fernandez,"Associate Professor, Institute of Physics, Pontificia Universidad Católica de Valparaíso",Dirección de correo verificada de pucv.cl,Astronomy and Astrophysics Astrophysics of Galaxies Extragalactic Astronomy ,Citado por 3813
Daniel Martínez Olguín,"Estudiante de Geología, Universidad Austral de Chile",Dirección de correo verificada de alumnos.uach.cl,Geología Volcanología Geofísica Sismología ,Citado por 11992
Antonio Lara,"Professor Facultad de Ciencias Forestales y Recursos Naturales, Universidad Austral de …",Dirección de correo verificada de uach.cl,Ecosystem Services Climate Change Ecological Restoration ,Citado por 11529
JL Iriarte,Universidad Austral de Chile,Dirección de correo verificada de uach.cl,biological oceanography phytoplankton ecology ,Citado por 8981
Carlos D. Figueroa,"Profesor de Patología, Universidad Austral de Chile",Dirección de correo verificada de uach.cl,Patología ,Citado por 7411
Daniel Calderini,"Profesor Titular, Instituto de Produccion y Sanidad Vegetal, universidad Austral de Chile",Dirección de correo verificada de uach.cl,Crop Physiology ,Citado por 6230
Guillermo D'Elía,Universidad Austral de Chile,Dirección de correo verificada de uach.cl,Systematics Evolutionary Biology Mammalogy ,Citado por 5513
Iván Gómez,Universidad Austral de Chile,Dirección de correo verificada de uach.cl,Marine Biology Photobiology ,Citado por 5430
Jorge M. Navarro,Universidad Austral de Chile,Dirección de correo verificada de uach.cl,Marine biology Ecophysiology ,Citado por 5378
Humberto González Estay,"Universidad Austral de Chile, Instituto de Ciencias Marinas y Limnológicas",Dirección de correo verificada de uach.cl,Biological Oceanography ,Citado por 5366
Daniel Melnick,Universidad Austral de Chile,Dirección de correo verificada de uach.cl,Neotectonics Coastal Geomorphology Earthquake Geology Paleoseismology ,Citado por 4678
Juan Pablo González,Universidad Alberto Hurtado SJ / P. Universidad Católica de Chile,Dirección de correo verificada de uahurtado.cl,Musicología Música popular latinoamericana Música y sociedad ,Citado por 8722
Luis Cornejo,"Profesor, Universidad Alberto Hurtado",Dirección de correo verificada de uahurtado.cl,Arqueología ,Citado por 1361
Antonia Larrain,Universidad Alberto Hurtado,Dirección de correo verificada de uahurtado.cl,,Citado por 1085
Javier Corvalán,Universidad Alberto Hurtado,Dirección de correo verificada de uahurtado.cl,sociología educación ,Citado por 1070
Sebastian Ureta,"Departamento de Sociología, Universidad Alberto Hurtado",Dirección de correo verificada de uahurtado.cl,Science and technology studies ,Citado por 840
Viviana Galdames,Universidad Alberto Hurtado,Dirección de correo verificada de uahurtado.cl,didáctica del lenguaje lengua materna y segundas lenguas educación intercultural bilingüe ,Citado por 838
Juan Carlos Skewes,Profesor de Antropología (UAH),Dirección de correo verificada de uahurtado.cl,antropología del ambiente patrimonio educación superior exclusión ,Citado por 829
Fernando Crespo,Universidad Alberto Hurtado,Dirección de correo verificada de uahurtado.cl,Mathematical Modelling Analytics Operational Research Data Mining Statistics ,Citado por 740
Cristian Geldes,Universidad Alberto Hurtado,Dirección de correo verificada de uahurtado.cl,strategy marketing innovation and sustainability ,Citado por 701
Marcela Perticara,Universidad Alberto Hurtado,Dirección de correo verificada de uahurtado.cl,economía desarrollo económico economía laboral ,Citado por 699
Armando Rojas,"Profesor Titular, Universidad Católica del Maule",Dirección de correo verificada de ucm.cl,Advanced glycation Tumor microenvironment Inflammation ,Citado por 2824
Ariel D Arencibia Rodriguez,Universidad Católica del Maule,Dirección de correo verificada de ucm.cl,Functional genomics secondary metabolites bioreactors metagenomics ,Citado por 2093
Rodrigo Salcedo,"Associate Professor of Sociology, Universidad Católica del Maule",Dirección de correo verificada de ucm.cl,urbaqn sociology urban theory consumption shopping malls gated communities ,Citado por 1655
Fernando Delgado Lopez,"Associate Professor, Universidad Catolica del Maule",Dirección de correo verificada de ucm.cl,Tumor Microenvironment Inflammation Adenovirus ,Citado por 1639
Jorge Valenzuela,"Facultad de Educación, Universidad Católica del Maule",Dirección de correo verificada de ucm.cl,Motivación Aprendizaje Pensamiento crítico Formación de profesores Motivation ,Citado por 1434
Eugenio Saavedra,Universidad Católica del Maule,Dirección de correo verificada de ucm.cl,Resiliencia Jóvenes Familia ,Citado por 1402
María Teresa Muñoz Quezada,Universidad Católica del Maule,Dirección de correo verificada de ucm.cl,Public health environmental exposure pesticides neurocognitive functioning disability and quality of life ,Citado por 1312
Danilo Díaz-Levicoy,Universidad Católica del Maule,Dirección de correo verificada de ucm.cl,Educación Estadística Statistics Education Educação Estatística ,Citado por 1109
Hugo A Benítez,Universidad Católica del Maule,Dirección de correo verificada de ucm.cl,Evolutionary Biology Ecology Entomology Morphometrics Geometric Morphometrics ,Citado por 1014
Sara Cuadros Orellana,"Full Professor, Universidad Católica del Maule",Dirección de correo verificada de ucm.cl,Microbial Genomics Microbial Ecology ,Citado por 984
José G. Fernández-Trincado,Universidad Católica del Norte (Chile),Dirección de correo verificada de ucn.cl,Astrophysics ,Citado por 7137
Alonso Vega Reyes,Programa de Doctorado Biologia y Ecologia Aplicada - Universidad Católica del Norte,Dirección de correo verificada de ucn.cl,Ecologia Conservación Evaluacion de Impacto Ambiental ,Citado por 6545
Alfonso Urzúa,"Escuela de Psicología, Universidad Católica del Norte",Dirección de correo verificada de ucn.cl,Psicología de la Salud Psicología Calidad de Vida Bienestar Inmigración ,Citado por 5969
Guillermo Chong,"Doctor en Geología, Universidad Católica del Norte",Dirección de correo verificada de ucn.cl,Geología ,Citado por 5244
Julio A Vásquez,"Prof. Titular Departamento de Biología Marina, Universidad Católica del Norte",Dirección de correo verificada de ucn.cl,ecología marina manejo conservación algas pardas ,Citado por 5064
Sarfaraz Hashemkhani Zolfani,"Assistant Professor, School of Engineering, Universidad Catolica del Norte",Dirección de correo verificada de ucn.cl,MCDM Strategic Management Technology Foresight Prospective MADM Sustainability ,Citado por 4447
Javier Sellanes,"Professor, Universidad Catolica del Norte",Dirección de correo verificada de ucn.cl,deep sea ecology invertebrate taxonomy chemosynthetic fauna ,Citado por 3308
Gabino Garrido,"Académico, Farmacognosia, Fitoterapia y Fitofarmacologia, Universidad Católica del Norte",Dirección de correo verificada de ucn.cl,pharmacology pharmacognosy toxicology phytotherapy natural products ,Citado por 3032
Wolfgang Stotz,Universidad Católica del Norte,Dirección de correo verificada de ucn.cl,ecologia marina pesquería artesanal ,Citado por 2954
Gabriel Gonzalez L.,Universidad Católica del Norte,Dirección de correo verificada de ucn.cl,Seismotectoinics structural geology paleoseismology ,Citado por 2908
"Astudillo-Defru, Nicola","Universidad Católica de la Santísima Concepción, Departamento de Matemática y Física …",Dirección de correo verificada de ucsc.cl,Exoplanets Stellar activity radial velocities M dwarfs ,Citado por 2912
Mario George-Nascimento,"Facultad de Ciencias, Universidad Católica de la Santísima Concepción",Dirección de correo verificada de ucsc.cl,Ecología del parasitismo ,Citado por 2536
Ivan A. Hinojosa,"Departamento de Ecología, Facultad de Ciencias, Universidad Católica de la Santísima …",Dirección de correo verificada de ucsc.cl,Marine Biology Ecology Biogeography Ecoacoustics Bioacoustics ,Citado por 2513
Danny Eugenio García Marrero,"Departamento de Química Ambiental, UCSC",Dirección de correo verificada de ucsc.cl,Química ,Citado por 2511
Patricio A. Camus,"Departmento de Ecologia, Facultad de Ciencias, Universidad Catolica de la Santisima …",Dirección de correo verificada de ucsc.cl,Marine ecology Biogeography ,Citado por 2424
Juan M. Cancino,Departamento de Ecología Universidad Católica de la Santísima Concepción,Dirección de correo verificada de ucsc.cl,Bryozoology ecophysiology reproductive ecology ,Citado por 2277
Ricardo Lizana,Universidad Catolica de la Santisima Concepción,Dirección de correo verificada de ucsc.cl,electronica de potencia ,Citado por 2217
Claudia Troncoso Pantoja,Universidad Católica de la Santísima Concepción,Dirección de correo verificada de ucsc.cl,Nutrición y Dietética Conductas alimentarias durante el curso de la … Nutrición gerontológica ,Citado por 1623
Sergio Contreras,Universidad Catolica de la Santisima Concepcion,Dirección de correo verificada de ucsc.cl,Biogeochemistry (paleo) environmental studies ,Citado por 1554
Jorge León Muñoz,"Facultad de Ciencias, Universidad Católica de la Santísima Concepción",Dirección de correo verificada de ucsc.cl,Hydrology Landscape Ecology Conservation Aquaculture ,Citado por 1282
Alberto Rosario Matos,"Abogado, Magíster en Derecho Público por la Universidad Católica de Temuco",Dirección de correo verificada de alu.uct.cl,Derecho Público (Constitucional y Penal) ,Citado por 9460
Patricio De los Rios-Escalante [or Patricio De los Ríos],"Profesor Asistente, Universidad Catolica de Temuco",Dirección de correo verificada de uct.cl,Ecología acuática crustáceos / Aquatic Ecology crustaceans ,Citado por 1622
David Tempo,"Universidad Católica de Temuco (UCT), Temuco, Chile",Dirección de correo verificada de uct.cl,General Relativity Spacetime symmetries Black hole physics ,Citado por 1590
Fernando A. Peña Cortés,"Profesor Titular, Laboratorio de Planificación Territorial. Universidad Católica de Temuco",Dirección de correo verificada de uct.cl,geografía física planificación territorial educación geográfica ,Citado por 1502
Angélica Casanova-Katny,Universidad Católica de Temuco,Dirección de correo verificada de uct.cl,global climate change global warming antarctic plants moss lichens ,Citado por 1292
segundo quintriqueo millan,Universidad Católica de Temuco,Dirección de correo verificada de uct.cl,Educación interculturalidad saberes indígenas investigación en educación ,Citado por 1149
Elias Gustavo Figueroa Villalobos,Universidad Católica de Temuco,Dirección de correo verificada de uct.cl,Aquaculture ,Citado por 1122
Daniel San Martín Cantero,Universidad Católica de Temuco,Dirección de correo verificada de uct.cl,Teoría Fundamentada Socio-fenomenología Metodología Cualitativa Profesores principiantes vida cotidiana ,Citado por 889
Felipe Caamaño,Profesor de educación física en Universidad Católica de Temuco,Dirección de correo verificada de educa.uct.cl,Obesidad ejercicio fisiología variables Psicosociales ,Citado por 816
Pablo Letelier,"Precision Health Research Laboratory, Departamento de Procesos Diagnósticos y …",Dirección de correo verificada de uct.cl,epigenetics oncology ,Citado por 791
Lohengrin Cavieres,Universidad de Concepcion,Dirección de correo verificada de udec.cl,Plant Ecology Plant ecophysiology Alpine Plant Ecology ,Citado por 13566
Osvaldo Ulloa,"Universidad de Concepción, Chile",Dirección de correo verificada de udec.cl,Microbial Oceanography ,Citado por 12190
ruben pena,"university of nottingham, university of magallanes, university of concepcion",Dirección de correo verificada de udec.cl,power electronics ac drives renewable energy ,Citado por 10701
José R. Espinoza,"Professor, Electrical Engineering Department, Universidad de Concepción",Dirección de correo verificada de udec.cl,Modelling and Control of Static Power … ,Citado por 10127
Aníbal Pauchard,Universidad de Concepción,Dirección de correo verificada de udec.cl,Invasion Ecology ,Citado por 9919
Rodrigo Reeves,"Associate Professor, CePIA, Astronomy Department, Universidad de Concepción, Chile",Dirección de correo verificada de udec.cl,Radio astronomy AGN blazar variability polarimetry mm and submm-wave instrumentation cryogenic instruments ,Citado por 9763
Luis Morán,Concepcion University,Dirección de correo verificada de udec.cl,Power Quality Power Electronics Power System Protections ,Citado por 9708
Sergio N. Torres,"Professor of Electrical Engineering, University of Concepcion",Dirección de correo verificada de udec.cl,Optoelectronics Infrared Imaging Hyperspectral Imaging interferometry ,Citado por 9198
Roberto Rodriguez Rios,"Profesor Emérito, Universidad de Concepción",Dirección de correo verificada de udec.cl,Botánica Flora de Chile ,Citado por 8802
Michael Fellhauer,"associate professor of astronomy, Universidad de Concepcion, Concepcion, Chile",Dirección de correo verificada de astro-udec.cl,astronomy: theoretical stellar dynamics ,Citado por 8623
Jose L. Prieto,Universidad Diego Portales,Dirección de correo verificada de mail.udp.cl,Astronomy ,Citado por 22591
Jose Joaquin BRUNNER,"Professor,  Sociology of Education. UNESCO Chair, Universidad Diego Portales, Chile",Dirección de correo verificada de mail.udp.cl,Higher education Political economy of education Policy and cultural analysis ,Citado por 19150
PAULA JOFRE PFEIL,assistant professor Nucleo Astronomia Universidad Diego Portales,Dirección de correo verificada de mail.udp.cl,stellar and Galactic astrophysics ,Citado por 11508
Cristóbal Rovira Kaltwasser,"Professor, Universidad Diego Portales",Dirección de correo verificada de udp.cl,comparative politics populism democracy ,Citado por 10503
ROBERTO J. ASSEF,Universidad Diego Portales,Dirección de correo verificada de mail.udp.cl,Active Galactic Nuclei Galaxy Evolution ,Citado por 9481
fernando zegers-hochschild,Emeritus professor University Diego Portales and Clinica las Condes,Dirección de correo verificada de udp.cl,reproductive medicine ,Citado por 9478
JORGE IGNACIO GONZÁLEZ LÓPEZ,Universidad Diego Portales,Dirección de correo verificada de mail.udp.cl,Galaxy evolution Interstellar medium high redshift galaxies and data science ,Citado por 9256
Manuel Aravena,"Professor of Astrophysics, Universidad Diego Portales",Dirección de correo verificada de mail.udp.cl,Galaxy formation Galaxy evolution Submillimeter galaxies ISM of galaxies ,Citado por 9050
LUCAS CIEZA,Universidad Diego Portales,Dirección de correo verificada de mail.udp.cl,Astronomy ,Citado por 8986
Alice Zurlo,Universidad Diego Portales,Dirección de correo verificada de mail.udp.cl,Exoplanets ,Citado por 5554
Will Brooks,Universidad Técnica Federico Santa Maria,Dirección de correo verificada de usm.cl,High Energy and Nuclear Physics ,Citado por 183014
Raquel Pezoa,Universidad Técnica Federico Santa María,Dirección de correo verificada de usm.cl,artificial intelligence machine learning computer vision image processing ,Citado por 148996
Samir Kouro,Universidad Técnica Federico Santa María,Dirección de correo verificada de usm.cl,Power Electronics Renewable Energy Multilevel Converters Wind Energy Electromobility ,Citado por 25218
Patricio Cortes,"Universidad Tecnica Federico Santa Maria, Chile",Dirección de correo verificada de usm.cl,Power Electronics Predictive Control ,Citado por 14163
Marcelo A. Perez,Universidad Tecnica Federico Santa Maria,Dirección de correo verificada de usm.cl,Power electronics multilevel converters smart grids ,Citado por 13999
Ahmed El Alaoui,Universidad Tecnica Federico Santa Maria,Dirección de correo verificada de usm.cl,Non-perturbative QCD Hadronization Nuclear medium effect Spin Physics Nucleon Structure ,Citado por 10544
Cesar Silva,"Departamento de Electrónica, Universidad Técnica Federico Santa María, Chile",Dirección de correo verificada de usm.cl,AC motor drives digital control of power converters ,Citado por 8020
Pablo Lezana,Universidad Técnica Federico Santa Maria,Dirección de correo verificada de usm.cl,,Citado por 6938
Marcelo Mendoza,"Associate Professor, Universidad Técnica Federico Santa María, CCTVAL and IMFD",Dirección de correo verificada de usm.cl,Online social networks information retrieval sentiment analysis clustering web mining ,Citado por 6433
Michael Seeger,Universidad Tecnica Federico Santa Maria,Dirección de correo verificada de usm.cl,microbiology botechnology ,Citado por 5024
Médéric Boquien,Universidad de Antofagasta,Dirección de correo verificada de uantof.cl,Galaxy evolution ,Citado por 17006
Miguel Avendaño Díaz,"Profesor de Acuicultura, Universidad de Antofagasta; Chile",Dirección de correo verificada de uantof.cl,manejo y cultivo de moluscos ,Citado por 11741
Christian HR Nitschelm,"Full professor, Centro de Astronomía (CITEVA), Universidad de Antofagasta, Chile",Dirección de correo verificada de uantof.cl,Astronomy and astrophysics ,Citado por 6357
Javier Alonso-García,"Unidad de Astronomía, Universidad de Antofagasta",Dirección de correo verificada de uantof.cl,,Citado por 5138
Patricio Morales,University of Antofagasta,Dirección de correo verificada de uantof.cl,reproductive biology ,Citado por 3594
Carlos Riquelme,Universidad de Antofagasta Chile,Dirección de correo verificada de uantof.cl,marine microbiology interaction Bacteria-microalga probiotics aquaculture ,Citado por 2958
Benito Gomez-Silva,"Universidad de Antofagasta, Chile",Dirección de correo verificada de uantof.cl,Microbiology of the Atacama Desert. ,Citado por 2742
Luis Cisternas,Universidad de Antofagasta,Dirección de correo verificada de uantof.cl,optimization mineral processing process design cleaner production lithium processing ,Citado por 2605
Marcelo E Oliva,Universidad de Antofagasta Instituto Ciencias Naturales Alexander von Humboldt,Dirección de correo verificada de uantof.cl,Parasitologia marina ecologia evolucion ,Citado por 2419
"Jorge Enrique Araya, Araya JE",Profesor de Parasitología y Biología Molecular. Universidad de Antofagasta - CHILE,Dirección de correo verificada de uantof.cl,Biología Molecular de Microorganismos ,Citado por 2235
Francisco Sabatini,"Profesor titular, Universidad del Bio Bio, Chile; profesor titular adjunto, U. Católica de Chile",Dirección de correo verificada de ubiobio.cl,Planificación urbana sociologia urbana ,Citado por 6343
María Margarita Chiang Vega,"Doctora en Recursos Humanos, Universidad del Bio Bio, Chile",Dirección de correo verificada de ubiobio.cl,Comportamiento organizacional Gestión de Recursos Humanos ,Citado por 4232
Elizabeth Eliana Grandón Toledo,Universidad del Bio-Bio,Dirección de correo verificada de ubiobio.cl,technology adoption information systems electronic commerce ,Citado por 3696
Carlos Alonso Escudero Orozco,Universidad del Bio Bio,Dirección de correo verificada de ubiobio.cl,Biomedicina preeclampsia angiogenesis ,Citado por 2532
Gipsy Tabilo-Munizaga,Universidad del Bío-Bío,Dirección de correo verificada de ubiobio.cl,food science ,Citado por 2269
José Norambuena-Contreras,Associate Professor in Civil Eng. Materials - University of Bío-Bío,Dirección de correo verificada de ubiobio.cl,Bituminous Materials Self-Healing Materials Waste Materials Innovative Materials ,Citado por 2209
Julio Alarcon,Universidad del Bio-Bio,Dirección de correo verificada de ubiobio.cl,Química de Productos Naturales ,Citado por 2070
Ricardo Darío Villalobos Carvajal,Universidad del Bío-Bío- Food Engineering Department,Dirección de correo verificada de ubiobio.cl,,Citado por 1854
Carlos Torres Navarro,Universidad del Bío-Bío,Dirección de correo verificada de ubiobio.cl,Calidad Producción ,Citado por 1662
David Mora,"Universidad del Bío-Bío, Concepción, Chile",Dirección de correo verificada de ubiobio.cl,numerical analysis of PDEs finite element method virtual element discretizations ,Citado por 1363
Humberto Maturana,Universidad de Chile,Dirección de correo verificada de dcc.uchile.cl,Neurobiology Cognition Autopoiesis Language Education ,Citado por 90115
Sergio  Lavandero,"Professor & Director ACDDiS, University of Chile, Adjunct Prof., UT Southwestern Medical …",Dirección de correo verificada de uchile.cl,Cell Signaling Cardiovascular Diseases ,Citado por 28839
Alfredo Guillermo Criollo,Laboratory of Cellular and Molecular Biology Research Institute of Dental Science  Faculty …,Dirección de correo verificada de u.uchile.cl,Cellular Biology Cancer ,Citado por 28431
Mario Hamuy,"Profesor de Astronomía, Universidad de Chile",Dirección de correo verificada de u.uchile.cl,,Citado por 27719
Gonzalo Navarro,University of Chile,Dirección de correo verificada de dcc.uchile.cl,algorithms and data structures text searching compression similarity search ,Citado por 27037
José De Gregorio,Profesor de Economía Universidad de Chile,Dirección de correo verificada de fen.uchile.cl,Macroeconomics International Economics International Finance Economic Development ,Citado por 24181
Juan Segura Aguilar,"Professor, Molecular & Clinical Pharmacologt, Faculty of Medicine, University of Chile",Dirección de correo verificada de med.uchile.cl,neuroscience toxicology biochemistry molecular biology stem cells ,Citado por 18729
Lorena García Nannig,Universidad de Chile,Dirección de correo verificada de ciq.uchile.cl,Cardiovascular Disease Inflammation ,Citado por 16991
René Darío Garreaud,"Professor, Geophysics Department, Universidad de Chile",Dirección de correo verificada de uchile.cl,Atmospheric Sciences ,Citado por 15826
Mary TK Arroyo,Universidad de Chile,Dirección de correo verificada de uchile.cl,Alpine ecology pollination biogeography conservation ,Citado por 15176
Sergio Munoz,Universidad de La Frontera,Dirección de correo verificada de ufrontera.cl,Estudios poblacionales desigualdades en salud metodologia de investigacion medicion en salud ,Citado por 11779
Pamela SERON SILVA,Universidad de La Frontera,Dirección de correo verificada de ufrontera.cl,Exercise Cardiovascuar Conditions Rehabilitation ,Citado por 6731
Tamara Otzen,Universidad de La Frontera,Dirección de correo verificada de ufrontera.cl,Suicidio Revisiones Sistemáticas de la Literatura Estadística Metodología de investigación ,Citado por 6669
Fernando Borie,Universidad de La Frontera,Dirección de correo verificada de ufrontera.cl,mycorrhiza soil phosphorous glomalin ,Citado por 6542
Carlos Felimer del Valle Rojas,Universidad de La Frontera (UFRO,Dirección de correo verificada de ufro.cl,Discurso comunicación interculturalidad educación ,Citado por 5882
David Jeison,"Department of Chemical Engineering, Universidad de La Frontera",Dirección de correo verificada de ufrontera.cl,environmental biotechnology ,Citado por 5021
"MC Diez, Diez, MC, Maria Cristina Diez","profesor de Ciencias Ambientales, Universidad de La Frontera",Dirección de correo verificada de ufrontera.cl,biotecnologia ambiental ,Citado por 4813
Raúl Sánchez,Universidad de La Frontera,Dirección de correo verificada de ufrontera.cl,Biologia de la reproduccion Andrologia Medicina reproductiva ,Citado por 4539
Milko A. Jorquera,"Scientific and Technological Bioresource Nucleus (BIOREN), Universidad de La Frontera …",Dirección de correo verificada de ufrontera.cl,Microbiology and Biotechnology ,Citado por 4266
"""pablo cornejo"", ""P. Cornejo"", ""Cornejo, P."", ""Cornejo P.""","""Universidad de La Frontera"", ""Estacion Experimental del Zaidin""",Dirección de correo verificada de ufrontera.cl,Arbuscular mycorrhizal fungi soil bioremediation ,Citado por 3765
Alejandro H. Buschmann,"Centro i-mar, Universidad de Los Lagos",Dirección de correo verificada de ulagos.cl,Seaweed Ecology and Aquaculture Sustainable Aquaculture Integrated Multi-Trophic Aquaculture ,Citado por 13183
Cristian Alvarez,Universidad de Los Lagos,Dirección de correo verificada de ulagos.cl,Actividad fisica Entrenamiento Insulino Resistencia Diabetes tipo 2 Hipertensión ,Citado por 3753
Cecilia Smith-Ramirez,"Profesor Titular, Departamento de Ciencias Biológicas y Biodiversidad, Universidad de Los …",Dirección de correo verificada de ulagos.cl,Conservación biológica mutualismos planta-animal especies invasoras restauración ecológica ,Citado por 3516
Ricardo Fernandez,Universidad de Los Lagos,Dirección de correo verificada de ulagos.cl,Systemic inflammation Air pollution ,Citado por 2498
Luis Roberto Pino-Fan,Universidad de Los Lagos,Dirección de correo verificada de ulagos.cl,Formación de Profesores Conocimiento del Profesor Didáctica de la Matemática Mathematics Education Educación Matemática ,Citado por 1836
Edwin J. Niklitschek,"Centro i~mar, Universidad de Los Lagos",Dirección de correo verificada de ulagos.cl,Ecología de poblaciones marinas ,Citado por 1154
Paulina Helena Gebauer Mery,Centro I-mar. Universidad de Lagos. Chile,Dirección de correo verificada de ulagos.cl,population biology marine larval ecology marine invertebrate ,Citado por 1119
Ricardo Fernández Acevedo,"Profesor Asociado A, Universidad de Los Lagos",Dirección de correo verificada de ulagos.cl,Control neural de la inflamación sistémica … ,Citado por 1068
Alex L. Véliz Burgos,Universidad de Los Lagos,Dirección de correo verificada de ulagos.cl,Salud y bienestar colectivo ,Citado por 943
Carolina Camus Torres,"Researcher, Centro i-mar, Universidad de Los Lagos",Dirección de correo verificada de ulagos.cl,Phycology ,Citado por 867
Alexandre Roman-Lopes,Universidad de La Serena,Dirección de correo verificada de userena.cl,Astrophysics: Massive Stars Star-Formation Regions The Galaxy ,Citado por 8593
Alexandre Roman Lopes,Universidad de La Serena - Departamento de Astronomía,Dirección de correo verificada de userena.cl,Astronomy ,Citado por 8555
Ernesto Gianoli,"Professor, Universidad de La Serena, Chile",Dirección de correo verificada de userena.cl,Ecology and Evolution ,Citado por 7276
Ricardo Amorin,"Universidad de La Serena, Astronomy Department",Dirección de correo verificada de userena.cl,Observational Astrophysics Extragalactic Astronomy Galaxy Formation and Evolution Star-forming Galaxies ,Citado por 6763
Rodolfo Barbá,"Astronomer, Universidad de La Serena",Dirección de correo verificada de userena.cl,Astronomy Astrophysics Massive Stars Binary Stars Star Formation ,Citado por 6644
Julio Roberto Gutierrez Camus,"Profesor Titular, Universidad de La Serena",Dirección de correo verificada de userena.cl,Ecología ,Citado por 6474
Javier Eduardo Silva Espejo,Universidad de La Serena,Dirección de correo verificada de userena.cl,Ecología ,Citado por 6159
juan carlos helo,"Universidad de La Serena, La Serena, Chile.",Dirección de correo verificada de userena.cl,particle physics phenomenology. ,Citado por 3112
José Luis Nilo Castellón,Universidad de La Serena,Dirección de correo verificada de userena.cl,Astronomia experimental. Astronomia … ,Citado por 2901
Claudia Elizabeth Barraza Zepeda,"Academico Media Jornada, Depto de Biología Facultad de Ciencias Universidad de la …",Dirección de correo verificada de userena.cl,microbiologia clínica educación en ciencias de la salud epidemiología inmunología ,Citado por 1264
Juan Carlos Aravena,Universidad de Magallanes,Dirección de correo verificada de umag.cl,dendrochronology climate glacial geomorphology ,Citado por 4159
Jorge Carrasco,Universidad de Magallanes - Centro de Investigación Gaia Antártica,Dirección de correo verificada de umag.cl,atmospheric sciences cryosphere Antarctic meteorology and climatology Synoptic meteorology and forecasting ,Citado por 4118
Ricardo De Pol-Holz,"Centro de Investigación GAIA-Antártica (CIGA), Universidad de Magallanes",Dirección de correo verificada de umag.cl,Oceanography Quaternary Science Paleoceanography Paleoclimatology Radiocarbon ,Citado por 2839
alfredo prieto,Universidad de Magallanes,Dirección de correo verificada de umag.cl,archaeology hunter-gatherers ethnography ancient DNA ,Citado por 2485
Rodrigo Villa Martinez,Universidad de Magallanes,Dirección de correo verificada de umag.cl,paleoclima palinología biogeografia botanica ,Citado por 2235
Andrés Mansilla M.,Universidad de Magallanes,Dirección de correo verificada de umag.cl,Ficologia subantártica y antártica ,Citado por 2064
Yolanda Espinosa-Parrilla,Universidad de Magallanes,Dirección de correo verificada de umag.cl,Ageing Gastric Cancer Neurodegenerative Disorders Human evolution non-protein codign RNAs ,Citado por 1826
Flavia Morello,Universidad de Magallanes - Instituto de la Patagonia,Dirección de correo verificada de umag.cl,Ciencias Sociales - Arqueología - Patrimonio ,Citado por 1389
Elke Schüttler,"Investigator, Sub-antarctic Biocultural Conservation Program, Universidad de Magallanes …",Dirección de correo verificada de umag.cl,biological conservation biological invasions population ecology ethnoecology mammals ,Citado por 1206
Máximo Frangopulos Rivera,Universidad de Magallanes,Dirección de correo verificada de umag.cl,Oceanografía Biológica Floraciones de Algas Nocivas Mareas Rojas Conservación ,Citado por 1038
Ricardo Tejos Ulloa,"Facultad de Recursos Naturales Renovables, Universidad Arturo Prat",Dirección de correo verificada de unap.cl,Plant Cell Biology Arabidopsis Intracellular trafficking Abiotic stress ,Citado por 1963
Cristina Quispe,Universidad Arturo Prat,Dirección de correo verificada de unap.cl,Productos naturales ,Citado por 1317
Julio Benites,Profesor Titular de la Universidad Arturo Prat,Dirección de correo verificada de unap.cl,Química Orgánica ,Citado por 1289
Karina Beatriz Ruiz Carrasco,Universidad Arturo Prat,Dirección de correo verificada de unap.cl,Plant Science Plant physiology Abiotic stresses ,Citado por 1178
Cristobal Corral,"Universidad Arturo Prat, Instituto de Ciencias Exactas y Naturales, Facultad de Ciencias",Dirección de correo verificada de unap.cl,Gravitation and Field theory ,Citado por 965
Gabriel Claramunt,Universidad Arturo Prat,Dirección de correo verificada de unap.cl,Evaluación de poblaciones biología reproductiva ,Citado por 798
Jose Delatorre-Herrera,Universidad Arturo Prat,Dirección de correo verificada de unap.cl,Plant physiology plant nutrition stress salinity photosynthesys ,Citado por 778
Erico R. Carmona,"Academic, Universidad Arturo Prat, Chile",Dirección de correo verificada de unap.cl,nanomaterials nanotoxicology genetic toxicology ecotoxicology ,Citado por 776
Gabriela Aguirre Martinez,Universidad Arturo Prat,Dirección de correo verificada de unap.cl,Ecotoxicología contaminantes emergentes biomarcadores biensayos ,Citado por 745
Rosalino Fuenzalida,"Profesor de Oceanografía, Universidad Arturo Prat",Dirección de correo verificada de unap.cl,Circulación Masas de Agua ENSO Cambio Climático Medio Ambiente ,Citado por 678
Jose Alejandro Gonzalez Campos,Universidad de Playa Ancha,Dirección de correo verificada de upla.cl,Estadística Aplicada a la Educación y … ,Citado por 1410
Verónica Molina T.,Universidad de Playa Ancha,Dirección de correo verificada de upla.cl,Ecologia Microbiana Biogeoquimica Oceanografia Microbiana ,Citado por 1304
Jean-Pierre Francois,"Departamento de Ciencias Geográficas, Universidad de Playa Ancha",Dirección de correo verificada de upla.cl,Geografía Ambiental Ecología del Paisaje Paleoecología Palinología ,Citado por 1290
Roberto Orellana,Universidad de Playa Ancha,Dirección de correo verificada de upla.cl,Environmental Microbiology ,Citado por 1121
Paulina Bahamonde,HUB Ambiental - Universidad de Playa Ancha,Dirección de correo verificada de upla.cl,ecotoxicology ,Citado por 810
paula pavez,Universidad de Playa Ancha,Dirección de correo verificada de upla.cl,psicología emociones agresión y cooperación en seres humanos ,Citado por 799
Miguel R. Guevara,"Cs. Department, Universidad de Playa Ancha",Dirección de correo verificada de upla.cl,web mining data science scientometrics online social networks ,Citado por 724
Claudio A. Sáez,Universidad de Playa Ancha,Dirección de correo verificada de upla.cl,ecotoxicology environmental biotechnology Climate Change ecology phycology ,Citado por 700
Franklin Johnson Parejas,Universidad de Playa Ancha,Dirección de correo verificada de upla.cl,Optimization Constraint Programming Metaheuristics ,Citado por 696
Alejandro Martín Madrid Villegas,"Academico, Departamento de Química, Universidad de Playa Ancha",Dirección de correo verificada de upla.cl,Productos Naturales y Síntesis Organica ,Citado por 677
José H Zagal  FRSC,"Distinguished Professor, Director, Laboratory of Electrocatalysis, University of Santiago de …",Dirección de correo verificada de usach.cl,electrochemistry electrocatalysis molecular electrochemistry fuel cells sensors ,Citado por 9703
Yenniffer Ávalos,"Assistant Professor, Universidad de Santiago de Chile",Dirección de correo verificada de usach.cl,Autophagy primary cilium insulin signaling obesity high-fat diet ,Citado por 8822
Cristóbal M. Espinoza,Universidad de Santiago de Chile,Dirección de correo verificada de usach.cl,Pulsar astronomy Space physics ,Citado por 6068
Francisco Melo,Departamento de Física Universidad de Santiago,Dirección de correo verificada de usach.cl,soft matter ,Citado por 5933
Claudio Martinez,Universidad de Santiago de Chile (USACH),Dirección de correo verificada de usach.cl,Genetics Microbiology Biotechnology ,Citado por 5542
Mikhail Plyushchay,Universidad de Santiago de Chile,Dirección de correo verificada de usach.cl,Theoretical Physics Mathematical Physics Symmetries ,Citado por 5332
Maria Galotto,Universidad de Santiago de Chile,Dirección de correo verificada de usach.cl,Food Packaging and Technology ,Citado por 4414
Juan Silva Quiroz,"Académico Departamento de Educación y Director de CIIET, Universidad de Santiago de …",Dirección de correo verificada de usach.cl,e-learning competencias digitales Tutoría Online Diseño Instruccional Online Competencia Digital Docente ,Citado por 4355
Lucia Dammert,Universidad de Santiago de Chile,Dirección de correo verificada de usach.cl,crime latin america ,Citado por 3984
Dinesh Pratap Singh,"Department of Physics, University of Santiago, Chile (https://fisica.usach.cl/es)",Dirección de correo verificada de usach.cl,Synthesis of nanomaterials Graphene based supercapacitors and  solar … Nanotribology Nanomedicine Nano-optics ,Citado por 3936
Bernardo Arriaza,Universidad de Tarapacá,Dirección de correo verificada de uta.cl,Chinchorro mummies Bioarchaeology Paleopathology ,Citado por 6153
Alejandra Caqueo-Urízar,Universidad de Tarapacá,Dirección de correo verificada de uta.cl,Psicología Clínica ,Citado por 5609
Calogero M. Santoro,Universidad de Tarapaca,Dirección de correo verificada de uta.cl,Archaeology hunter-gatherers paleoenviroment South America Andes ,Citado por 5184
Bárbara Rojas-Ayala,"Astronomer, Instituto de Alta Investigación, Universidad de Tarapacá",Dirección de correo verificada de uta.cl,Low Mass Stars Brown dwarfs Exoplanets ,Citado por 4611
Heriberto Román Flores,Universidad de Tarapacá,Dirección de correo verificada de uta.cl,,Citado por 3615
Emilio Rodríguez Ponce,Profesor Titular - Universidad de Tarapacá (Chile),Dirección de correo verificada de uta.cl,Educación Superior Gestión del Conocimiento Liderazgo ,Citado por 3363
Francisco Ganga Contreras,Universidad de Tarapacá,Dirección de correo verificada de academicos.uta.cl,Educación superior gobernanza universitaria gobierno universitario talento humano liderazgo ,Citado por 3192
Liliana Pedraja Rejas,Profesora Titular Universidad de Tarapaca,Dirección de correo verificada de uta.cl,liderazgo educación superior estrategia. ,Citado por 3062
David Laroze,"Professor of Physics, Universidad de Tarapacá",Dirección de correo verificada de uta.cl,Chaos Hydrodynamic Instabilities Magnetism Quantum mechanics Mathematical modeling ,Citado por 2235
Sergio gonzález Miranda,"Universidad de Tarapacá, profesor titular",Dirección de correo verificada de academicos.uta.cl,historia regional relaciones internacionales historia de la minería ,Citado por 1751
Marco Esteban Rivera Abarca,"Full Professor, Department of Electrical Engineering, Universidad de Talca",Dirección de correo verificada de utalca.cl,Matrix Converters Power Electronics Power Converters AC AC Converters Predictive Control ,Citado por 8129
M. Fernandez Fernandez,Universidad de Talca,Dirección de correo verificada de utalca.cl,Automatización Control de Procesos Electrónica Mecatrónica ,Citado por 6037
Ivan Palomo,Universidad de Talca,Dirección de correo verificada de utalca.cl,,Citado por 4847
Leonardo Silva Santos,"Full Professor (Profesor Titular), Instituto de Química de Recursos Naturales, Universidad de …",Dirección de correo verificada de utalca.cl,Chemistry ,Citado por 4733
Julio Caballero,Universidad de Talca,Dirección de correo verificada de utalca.cl,molecular modeling bioinformatics nanoscience protein kinases ion channels ,Citado por 4548
Humberto Nogueira Alcalá,Universidad de Talca,Dirección de correo verificada de utalca.cl,,Citado por 4323
Renzo Angles,"Department of Computer Science, Universidad de Talca ",Dirección de correo verificada de utalca.cl,Graph databases Query Languages RDF SPARQL ,Citado por 3967
Manuel Cárdenas Castro,Universidad de Talca,Dirección de correo verificada de utalca.cl,Psicología social ,Citado por 3046
Sergei Trofimchuk,Universidad de Talca,Dirección de correo verificada de inst-mat.utalca.cl,Differential equations difference equations dynamical systems ,Citado por 2720
Narciso Cerpa,"Faculty of Engineering, Universidad de Talca",Dirección de correo verificada de utalca.cl,Software Engineering Electronic Commerce ,Citado por 2658
Juan C Saez,"Instituto de Neurociencias, Universidad de Valparaíso, Valparaíso, Chile (juancarlos.saez …",Dirección de correo verificada de uv.cl,… and pannexin channels in physiology and … ,Citado por 19064
Amelia Bayo,"Full professor, Universidad de Valparaíso; Director, Millennium Nucleus for Planet …",Dirección de correo verificada de uv.cl,star and substellar planet formation federated data and machine learning observational techniques and instrumentation ,Citado por 7191
Marie Therese Flores,"Professor Pediatric Dentistry, Faculty of Dentistry, Universidad de Valparaiso",Dirección de correo verificada de uv.cl,dental traumatology child behavior management ,Citado por 6895
Wael El-Deredy,"Universidad de Valparaiso, Chile",Dirección de correo verificada de UV.CL,Cognitive Electrophysiology Neuroimaging Bayesian inference Brain Dynamics Reward processing ,Citado por 5117
John Ewer,"CINV, Universidad de Valparaiso, CHILE",Dirección de correo verificada de uv.cl,,Citado por 4305
Agustin D Martinez,"Centro Interdisciplinario de Neurociencia de Valparaíso, Universidad de Valparaíso",Dirección de correo verificada de uv.cl,connexin pannexin ,Citado por 3565
Carlos Gonzalez Leon,Universidad de Valparaiso,Dirección de correo verificada de uv.cl,Ion Channel Biophysics ,Citado por 3313
Adrian G Palacios,Universidad de Valparaiso,Dirección de correo verificada de uv.cl,Sensory Biology Computational Neuroscience Ecology ,Citado por 3232
Adrian G Palacios,Professor Universidad de Valparaiso,Dirección de correo verificada de uv.cl,Sensory Biology Computational Neuroscience ,Citado por 3213
Yara L Jaffe,Universidad de Valparaiso,Dirección de correo verificada de uv.cl,Extragalactic Astronomy Galaxy evolution ,Citado por 2659
