Name,Position,University,Place,Code,Investigation_Line,Education,Academic_Experience,Professional_Experience
Elizabeth Patricia Zenteno Torres,Profesor Asistente,UNIVERSIDAD DE PLAYA ANCHA DE CIENCIAS DE LA EDUCACION,,21696,Sociología urbana; Pobreza y segregación urbana; Metodología cualitativa,"Licenciatura en Sociología,UNIVERSIDAD DE PLAYA ANCHA DE CIENCIAS DE LA EDUCACION.Chile, 2008 - MASTER CONJUNTO INTERNACIONAL EN POLÍTICAS PÚBLICAS Y DESARROLLO TERRITORIAL: GOBERNABILIDAD Y PROCESOS DE INTEGRACIÓN,UNIVERSITA DEGLI STUDI DI PALERMO.Italia, 2010 - DOCTORADO EN TEORÍA E INVESTIGACIÓN SOCIAL,UNIVERSITA DEGLI STUDI DI ROMA LA SAPIENZA.Italia, 2015 - Sociólogo,UNIVERSIDAD DE PLAYA ANCHA DE CIENCIAS DE LA EDUCACION.Chile, 2008","Profesor AsistentePart TimeUNIVERSIDAD DE PLAYA ANCHA DE CIENCIAS DE LA EDUCACIONCiencias SocialesValparaíso, Chile2015 - A la fecha","Docente del curso Etnografía de la alteridadUniversidad de Playa Ancha. Departamento de Sociología.Chile2016 - A la fecha - Docente del curso Metodología de la investigación IUniversidad de Playa Ancha. Departamento de Sociología.Chile2015 - A la fecha - Docente del curso Metodología de la Investigación Cualitativa IUniversidad de Playa Ancha. Departamento de Sociología.Chile2015 - A la fecha - Docente del curso Sociología GeneralUniversidad de Playa Ancha. Carrera: Terapia OcupacionalChile2016 - A la fecha - Docente del curso Población y Desarrollo SustentableUniversidad de Playa Ancha. Departamento de Sociología.Chile2015 - 2015 - Docente del curso Metodología de la investigación cualitativaUniversidad Andrés Bello. Carrera de Sociología.Chile2015 - 2015 - Docente del curso Políticas PúblicasUniversidad Andrés Bello. Carrera de Sociología.Chile2015 - 2015 - Docente del curso SocioantropologíaUniversidad Andrés Bello. Departamento de Enfermería.Chile2015 - 2015 - Docente del curso Sociología de la educaciónUniversidad de Playa Ancha. Departamento de Sociología.Chile2010 - 2010 - Docente del curso Métodos de investigación científica. Universidad de Playa Ancha. Departamento de Bibliotecología.Chile2010 - 2010 - Docente informante de tesisUniversidad de Playa Ancha. Departamento de Sociología.Chile2015 - A la fecha - Planificación del curso: Salud pública y políticas públicas, del Máster en Salud Primaria.Universidad Andrés Bello.Chile2010 - 2011 - Coordinadora de Prácticas Profesionales.Universidad de Playa Ancha. Departamento de Sociología.Chile2010 - 2010"
JOHANA PATRICIA SOTO SANCHEZ,Académico ,Universidad de Playa Ancha de Ciencias de la Educación ,"Valparaíso, Chile",30501,"Los últimos 3 años he estado dedicada a la línea de investigación en Ciencias de la salud y actividad física, específicamente en el área preescolar.  ","Profesora de Educación Física,UNIVERSIDAD DE PLAYA ANCHA DE CIENCIAS DE LA EDUCACION.Chile, 2003 - Licenciada en Educación,UNIVERSIDAD DE CHILE.Chile, 2003 - Magíster en Entrenamiento Deportivo,UNIVERSIDAD MAYOR.Chile, 2005 -  Nutrición y Alimentos,UNIVERSIDAD DE CHILE.Chile, 2016","Académico Full TimeUNIVERSIDAD DE PLAYA ANCHA DE CIENCIAS DE LA EDUCACIONCiencias de la Actividad Física y del DeporteValparaíso, Chile2005 - A la fecha","Académica Full TimeUniversidad de Playa Ancha Ciencias de la Educación Valparaíso , Chile2005 - A la fecha"
Claudio Alejandro Sáez Avaria,Director General,UNIVERSIDAD DE PLAYA ANCHA DE CIENCIAS DE LA EDUCACION,"Valparaíso, Chile",21429,Ecotoxicología; biotecnología ambiental; estrés biológico; metabolómica; transcriptómica; ficología,"Licenciado en Ingeniería Ambiental,UNIVERSIDAD DE VALPARAISO.Chile, 2010 - PhD Marine Studies,PLYMOUTH UNIVERSITY.Reino Unido, 2014 - Ingeniero Ambiental,UNIVERSIDAD DE VALPARAISO.Chile, 2010","Investigador PostdoctoralFull TimeUNIVERSIDAD DE SANTIAGO DE CHILEQuímica y BiologíaSantiago, Chile2014 - 2015 - Profesor AsociadoFull TimeUNIVERSIDAD DE PLAYA ANCHA DE CIENCIAS DE LA EDUCACIONIngenieríaValparaíso, Chile2015 - 2015 - Investigador TitularFull TimeUNIVERSIDAD DE PLAYA ANCHA DE CIENCIAS DE LA EDUCACIONViña del Mar, Chile2016 - 2019 - Director GeneralFull TimeUNIVERSIDAD DE PLAYA ANCHA DE CIENCIAS DE LA EDUCACIONcentro de investigación HUB AMBIENTAL UPLAValparaíso, Chile2020 - A la fecha","Investigador AsociadoPart TimeMarine Biological Association of the United KingdomPlymouth, Reino Unido2013 - 2014 - Profesor AsistentePart TimePlymouth UniversityPlymouth, Reino Unido2011 - 2014 - Investigador AsistentePart TimeUniversidad de ValparaísoValparaíso, Chile2008 - 2011 - Asistente de InvestigaciónPart TimeUniversidad Católica del NorteCoquimbo, Chile2009 - 2010 - Asistente de InvestigaciónPart TimeVictoria University of WellingtonWellington, Nueva Zelanda2007 - 2008 - Investigador PostdoctoralFull TimeUniversidad de Santiago de ChileSantiago, Chile2014 - 2015 - Profesor AsociadoFull TimeUniversidad de Playa AnchaValparaíso, Chile2015 - 2015 - Profesor Visitante, PhD Marine StudiesPart TimePlymouth UniversityPlymouth, Reino Unido2015 - A la fecha - Profesor Visitante, Doctorado en BiotecnologíaPart TimeUniversidad de Santiago de ChileSantiago, Chile2015 - A la fecha - Investigador TitularFull TimeCentro de Estudios Avanzados, Universidad de Playa AnchaViña del Mar, Chile2016 - 2019 - Director General centro de investigación HUB AMBIENTAL UPLAFull TimeUniversidad de Playa AnchaValparaíso, Chile2020 - A la fecha"
Lenia  Mariela   Planas Serralta,INVESTIGADORA,UNIVERSIDAD DE PLAYA ANCHA DE CIENCIAS DE LA EDUCACIÓN,"VIÑA DEL MAR, Chile",28196,"SISTEMAS REGIONALES DE INNOVACIÓN 
ECONOMIA DE LA INNOVACIÓN Y LA CREATIVIDAD
PROGRAMACIÓN ESTRATÉGICA Y GESTIÓN DEL CONOCIMIENTO EN ORGANIZACIONES PUBLICAS Y PRIVADAS","Economia Aplicada ,UNIVERSIDAD DE PLAYA ANCHA DE CIENCIAS DE LA EDUCACION.España, 2016 - Ingeniera Comercial, Mención Administración,UNIVERSIDAD AUSTRAL DE CHILE.Chile, 2005 - ECONOMÍA Y GESTIÓN REGIONAL,UNIVERSIDAD DE CHILE.Chile, 1997","ACADEMICA INVESTIGADORAPart TimeUNIVERSIDAD DE PLAYA ANCHA DE CIENCIAS DE LA EDUCACIONVIÑA DEL MAR, Chile2016 - A la fecha","AsesoraFull TimeSubsecretaria de Desarrollo Regional y AdministrativoSantiago de Chile, Chile1999 - 2013 - Investigador en innovación OtherSociedad Médica Terapéutica LimitadaSantiago, Chile2017 - A la fecha - InvestigadoraPart TimeUniversidad de Playa Ancha de Ciencias de la EducaciónViña del Mar, Chile2016 - A la fecha - ASESORAFull TimeMINISTERIO DE ECONOMIA Y PLANIFICACIONLA HABANA, Cuba1990 - 1997"
Maykol Hernan Rojas Sanchez,Research Assistant,Universidad de Playa Ancha de Ciencias de la Educación,"Valparaíso, Chile",34289,"- Microbiology: Emerging Diseases and Viruses (BSL-2/BSL-3).
- Molecular Biology: DNA Extraction, DNA Sequencing, PCR, qPCR, Electrophoresis, Cloning, RNA Isolation. 
","Bachelor of Education,UNIVERSIDAD DE PLAYA ANCHA DE CIENCIAS DE LA EDUCACION.Chile, 2016 - Biology and Science Teacher,UNIVERSIDAD DE PLAYA ANCHA DE CIENCIAS DE LA EDUCACION.Chile, 2016","Biology and Science TeacherOtherFUNDACION CORPORACION THE MACKAY SCHOOLViña del Mar, Chile2015 - 2016","Research Assistant - Microbial Ecology Observatory (OEM)Full TimeUNIVERSIDAD DE PLAYA ANCHA DE CIENCIAS DE LA EDUCACIONValparaíso, Chile2016 - A la fecha - Research Assistant - Cell Biology and Microbial Eco-Physiology (LaBCEM)Part TimeUNIVERSIDAD DE PLAYA ANCHA DE CIENCIAS DE LA EDUCACIONValparaíso, Chile2021 - A la fecha - Teaching Assistant - Applied Microbiology and Cell BiologyOtherUNIVERSIDAD DE PLAYA ANCHA DE CIENCIAS DE LA EDUCACIONValparaíso, Chile2013 - 2015"
CARMEN GLORIA ZAVALA SANINO,Abogada,Universidad de Playa Ancha de Ciencias de la Educación,"Valparaíso , Chile",34787,,"Abogada,UNIVERSIDAD DE VALPARAISO.Chile, 2011","ProfesoraPart TimeUNIVERSIDAD DE PLAYA ANCHA DE CIENCIAS DE LA EDUCACIONIngenieríaValparaíso, Chile2020 - A la fecha - Miembro suplentePart TimeUNIVERSIDAD DE PLAYA ANCHA DE CIENCIAS DE LA EDUCACIONValparaíso, Chile2019 - A la fecha","AbogadaFull TimeSEREMI Bienes Nacionales ValparaísoValparaíso, Chile2011 - 2014 - AbogadaFull TimeUniversidad de Playa Ancha de Ciencias de la Educación Valparaíso, Chile2014 - A la fecha"
Carlos Ernesto Miranda Carvajal,Académico,Universidad de Playa Ancha de Ciencias de la Educación,"Valparaíso, Chile",37158,"Inclusión educativa, Factores asociados al aprendizaje, Formación docente.","Evaluación Educacional,UNIVERSIDAD DE PLAYA ANCHA DE CIENCIAS DE LA EDUCACION.Chile, 2018","Académico Part TimeUNIVERSIDAD DE PLAYA ANCHA DE CIENCIAS DE LA EDUCACIONCiencias de la EducaciónSan Felipe, Chile2019 - 2019 - EstudianteOtherPONTIFICIA UNIVERSIDAD CATOLICA DE VALPARAISOValparaíso, Chile2020 - A la fecha","Académico invitadoOtherUniversidad de Playa Ancha de ciencias de la educciónSan Felipe, Chile2018 - 2018 - DocentePart TimeCORMUVALValparaíso, Chile2017 - 2020 - Coordinador de proyectoFull TimeGenium consultoresValparaíso, Chile2016 - 2017 - CapacitadorPart TimeCorp. Municipal de Viña del MarViña del Mar, Chile2016 - A la fecha"
Patricio Alfonso Landaeta Mardones,Investigador Jornada Completa,Universidad de Playa Ancha de Ciencias de la Educación,"Viña del Mar, Chile",8942,"Posestructuralismo: Deleuze, Guattari, Foucault; Geofilosofía: Filosofía y territorio; Estética y política;  Filosofía y Literatura: ""Literatura menor"" latinoamericana en siglo XX; Geocrítica.","Profesor de Filosofía,PONTIFICIA UNIVERSIDAD CATOLICA DE VALPARAISO.Chile, 2005 - Licenciado en Educacion,PONTIFICIA UNIVERSIDAD CATOLICA DE VALPARAISO.Chile, 2005 - Estudios Avanzados en Filosofía. Mención Metafísica y Mundo Contemporáneo,UNIVERSIDAD COMPLUTENSE DE MADRID.España, 2008 - Doctorado en Filosofía,PONTIFICIA UNIVERSIDAD CATOLICA DE VALPARAISO.Chile, 2011 - Doctor en Filosofía,UNIVERSIDAD COMPLUTENSE DE MADRID.España, 2012 - Docteur en Philosophie,UNIVERSITE PARIS VIII-VINCENNES SAINT DENIS.Francia, 2012 - Licenciado en Filosofía,PONTIFICIA UNIVERSIDAD CATOLICA DE VALPARAISO.Chile, 2005","Investigador Jornada CompletaFull TimeUNIVERSIDAD DE PLAYA ANCHA DE CIENCIAS DE LA EDUCACIONCentro de Estudios AvanzadosValparaíso, Chile2013 - A la fecha - Profesor Seminario Interdisciplinario. Doctorado en Literatura hispanoamericana ContemporáneaFull TimeUNIVERSIDAD DE PLAYA ANCHA DE CIENCIAS DE LA EDUCACIONFacultad de HumanidadesViña del Mar, Chile2018 - A la fecha - Profesor Filosofía y educaciónPart TimeUNIVERSIDAD DE PLAYA ANCHA DE CIENCIAS DE LA EDUCACIONFacultad de HumanidadesValparaíso, Chile2013 - 2013 - Profesor Estética del discurso. Doctorado en Literatura hispanoamericana ContemporáneaFull TimeUNIVERSIDAD DE PLAYA ANCHA DE CIENCIAS DE LA EDUCACIONFacultad de HumanidadesViña del Mar, Chile2014 - 2017 - Coordinador ""Grupo Interdisciplinario de Investigación Avanzada: Patrimonio, Espacio Social y Desarrollo Territorial""Full TimeUNIVERSIDAD DE PLAYA ANCHA DE CIENCIAS DE LA EDUCACIONCentro de Estudios AvanzadosViña del Mar, Chile2019 - A la fecha","Investigador Jornada CompletaFull TimeUniversidad de Playa AnchaViña del Mar, Chile2013 - A la fecha"
Carlos Alejandro Hidalgo Rasmussen,Académico Investigador,UNIVERSIDAD DE PLAYA ANCHA DE CIENCIAS DE LA EDUCACION,Chile,21276,Comportamientos de riesgo y protección en estudiantes; Calidad de vida en estudiantes,"Diploma de Estudios Avanzados. Área personalidad, evaluación y tratamientos psicológicos,UNIVERSIDAD DE OVIEDO.España, 2005 - Doctorado en Cooperación y Bienestar Social del Departamento de Psicología,UNIVERSIDAD DE OVIEDO.España, 2007 - Maestría en Terapia Guestalt,Instituto de terapia Guestalt Región occidente S.C..México, 1995 - Licenciado en Psicología,UNIVERSIDAD DE GUADALAJARA.México, 1992",Académico InvestigadorPart TimeUNIVERSIDAD DE PLAYA ANCHA DE CIENCIAS DE LA EDUCACION2013 - A la fecha,Académico InvestigadorUniversidad de Playa Ancha de Ciencias de la EducaciónChile2013 - A la fecha - Profesor InvestigadorUniversidad de GuadalajaraMéxico2001 - A la fecha - ProfesorUniversidad de ColimaMéxico2005 - 2006 - Profesor e investigador Asociado Buniversidad Autónoma de AguascalientesMéxico2001 - 2002 - InvestigadorInstituto Nacional de Salud PúblicaMéxico2000 - 2000 - Profesor de tiempo variableInstituto Tecnológico y de Estudios Superiores de Occidente A.C.México1999 - 1999 - Cordinador del Centro de Terapias EspecialesInstituto Jalisciense de Asistencia SocialMéxico1996 - 1997 - EspecialistaSistema Nacional para el Desarrollo Integral para la FamiliaMéxico1995 - 1996 - Jefe del Departamento de Proyectos EspecialesInstituto Nacional para la Educación de los AdultosMéxico1992 - 1995 - Coordinador de la Carrera de PsicologíaUniversidad de GuadalajaraMéxico2001 - 2007 - Coordinador de la Carrera de PsicologíaUniversidad de GuadalajaraMéxico2008 - 2008
MARIA JACQUELINE ROJAS RIOS,Coordinadora institucional para trabajo en Red de Universidades Estatales,Universidad de Playa Ancha de Ciencias de la Educación,"viña del Mar, Chile",34014,"Educación Superior
Política y Gestión Educativa
Calidad de Vida en estudiantes universitarios.","Educación ,UNIVERSIDAD DE PLAYA ANCHA DE CIENCIAS DE LA EDUCACION.Chile, 2012 - Gestión de Políticas Nacionales,UNIVERSIDAD DE PLAYA ANCHA DE CIENCIAS DE LA EDUCACION.Chile, 2001 - Asistente Social,PONTIFICIA UNIVERSIDAD CATOLICA DE VALPARAISO.Chile, 1993","AcadémicaOtherUNIVERSIDAD DE PLAYA ANCHA DE CIENCIAS DE LA EDUCACIONCiencias de la EducaciónValparaiso, Chile2002 - A la fecha - Directora General de InvestigaciónFull TimeUNIVERSIDAD DE PLAYA ANCHA DE CIENCIAS DE LA EDUCACIONVICERRECTORIA DE INVESTIGACION, POSTGRADO E INNOVACIONviña del Mar, Chile2015 - 2019 - PROFESORA DE CATEDRAPart TimePONTIFICIA UNIVERSIDAD CATOLICA DE VALPARAISOCIENCIAS ECONOMICAS Y ADMINISTRATIVAValparaiso, Chile2009 - 2015 - DIRECTORA GENERALFull TimeUNIVERSIDAD DE PLAYA ANCHA DE CIENCIAS DE LA EDUCACIONVICERRECTORIA DE INVESTIGACION, POSTGRADO E INNOVACIONValparaiso, Chile2014 - 2015 - profesor-tutor postgradoOtherUniversidad de Las Americas, PueblaPuebla, México2006 - 2007 - Coordinadora Academico-administrativa Full TimeUNIVERSIDAD DE PLAYA ANCHA DE CIENCIAS DE LA EDUCACIONVICERRECTORIA DE INVESTIGACION, POSTGRADO E INNOVACIONValparaiso, Chile2012 - 2014","ProfesionalFull TimeIlustre Municipalidad de ValparaísoValparaíso, Chile1992 - 2001 - Secretaria ejecutiva DIRGECALFull TimeUniversidad de Playa AnchaValparaiso, Chile2011 - 2012"
Biviana Hernández Ojeda,Académica,Universidad de Playa Ancha de Ciencias de la Educación,"Viña del Mar, Chile",37747,Poesía latinoamericana; Reescrituras y arte de apropiación; Vanguardias y neovanguardias poéticas.,"Doctorado en Ciencias Humanas,UNIVERSIDAD AUSTRAL DE CHILE.Chile, 2012 - Magíster en Literatura Hispanoamericana Contemporánea,UNIVERSIDAD AUSTRAL DE CHILE.Chile, 2007 - Profesora de Lenguaje y Comunicación / Licenciada en Educación,UNIVERSIDAD AUSTRAL DE CHILE.Chile, 2006 - Diplomado en Gestión de la docencia universitaria ,UNIVERSIDAD ACADEMIA DE HUMANISMO CRISTIANO.Chile, 2017","AcadémicaPart TimeUNIVERSIDAD DE PLAYA ANCHA DE CIENCIAS DE LA EDUCACIONHumanidades Viña del Mar, Chile2020 - A la fecha - Académica Full TimeUNIVERSIDAD ACADEMIA DE HUMANISMO CRISTIANOPedagogía Santiago, Chile2015 - 2019 - Investigadora Posdoctoral Full TimePONTIFICIA UNIVERSIDAD CATOLICA DE CHILEFacultad de LetrasSantiago , Chile2013 - 2015 - Profesora Asistente Adjunto OtherPONTIFICIA UNIVERSIDAD CATOLICA DE CHILEFacultad de LetrasSantiago , Chile2013 - 2013","Académico Investigador Part TimeUniversidad de Playa Ancha, Centro de Estudios Avanzados (CEA - UPLA)Viña del Mar, Chile2020 - A la fecha - Profesor Asociado Full TimeUniversidad Academia de Humanismo Cristiano, Facultad de PedagogíaSantiago, Chile2015 - 2019"
GONZALO ANDRES DONOSO GORMAZ,DOCENTE,Universidad de Playa Ancha de Ciencias de la Educación,"SAN FELIPE, Chile",38795,"Mis principales lineas son didáctica de la matemática, educación matemática y entornos virtuales aplicados a la enseñanza.","Educación,Universidad Internacional Sek.Chile, 2019 - Educación Matemática,UNIVERSIDAD DE LA FRONTERA.Chile, 2012 - Educación superior,UNIVERSIDAD ANDRES BELLO.Chile, 2019 - Curriculum,UNIVERSIDAD ANDRES BELLO.Chile, 2017 - Profesor de matemática e informática educativa,UNIVERSIDAD METROPOLITANA DE CIENCIAS DE LA EDUCACION.Chile, 2007","DOCENTEPart TimeUNIVERSIDAD DE PLAYA ANCHA DE CIENCIAS DE LA EDUCACIONCIENCIAS EXACTASSAN FELIPE, Chile2015 - A la fecha - DOCENTEPart TimeUNIVERSIDAD DE ACONCAGUAINGENIERIALOS ANDES, Chile2017 - A la fecha - DOCENTEPart TimeINSTITUTO PROFESIONAL AIEPINGENIERIASAN FELIPE, Chile2013 - 2017 - DOCENTEPart TimeCOLEGIO DEL VERBO DIVINOLAS CONDES, Chile2017 - A la fecha","DOCENTEPart TimeUNIVERSIDAD DE PLAYA ANCHASAN FELIPE, Chile2015 - A la fecha - DOCENTEPart TimeUNIVERSIDAD DE ACONCAGUALOS ANDES, Chile2017 - A la fecha - DOCENTEPart TimeCOLEGIO DEL VERBO DIVINOLAS CONDES, Chile2017 - A la fecha - DOCENTEPart TimeINSTITUTO PROFESIONAL AIEPSAN FELIPE, Chile2013 - Sin Información"
Paula Emilia Santana Nazarit,Investigadora,Universidad de Playa Ancha de Ciencias de la Educación,"Valparaíso, Chile",39251,"salud (salud de las mujeres, salud comunitaria, salud internacional), procesos reproductivos y desigualdad, antropología medica, salud colectiva y antropología feminista. Tesis doctoral (2019) sobre esterilización quirúrgica voluntaria en Chile. ","antropologa social,UNIVERSIDAD AUSTRAL DE CHILE.Chile, 1999 - salud publica,UNIVERSIDAD DE VALPARAISO.Chile, 2006 - ciencias,universidad autonoma de mexico.México, 2019 - salud internacional,OPS/OMS.Chile, 2010 - Administración en salud (salud publica),UNIVERSIDAD DE CHILE.Chile, 2002 - peritaje antropologico,INAH-México.México, 2017 - genero y cultura en américa latina,UNIVERSIDAD DE CHILE.Chile, 1998","docente invitadaOtherPONTIFICIA UNIVERSIDAD CATOLICA DE VALPARAISOciencias economicas y administrativasValparaíso , Chile2019 - 2019 - docente invitadaOtherFundación Henry Dunant-América Latina e Instituto Internacional Henry DunantSantiago, Chile2011 - 2013 - docente titularPart TimeUniversidad de las Americasciencias de la saludViña Del Mar, Chile2010 - 2011 - docente invitadaOtherUNIVERSIDAD DE VALPARAISOMedicinaValparaíso , Chile2008 - 2009 - docente invitadaPart TimePONTIFICIA UNIVERSIDAD CATOLICA DE VALPARAISOciencias economicas y administrativasValparaíso , Chile2003 - 2003","investigadoraOtherUniversidad de Playa Ancha de Ciencias de la EducaciónValparaíso, Chile2020 - A la fecha - investigadoraOtherServicio Nacional de Patrimonio CulturalTemuco, Chile2019 - 2019 - asistente de investigaciónPart TimeUniversidad de Playa Ancha de Ciencias de la EducaciónValparaíso, Chile2019 - 2019 - perita en antropología y genero para casos de violencia contra las mujeresOtherRed Feminista Frente a la Violencia Contra las Mujeres El Salvador y NicaraguaSan Salvador y Managua, El Salvador2014 - 2015 - ConsultoraOtherMinisterio de SaludValparaíso , Chile2014 - 2014 - Encargada de área de estudios e integrante de la coordinación nacionalPart TimeCorporación Red Chilena contra la Violencia hacia las MujeresNacional, Chile2007 - 2014 - asesora metodológica en salud comunitaria y género en contexto de desastresPart TimeFLACSO ChileSantiago y VII región, Chile2011 - 2012"
Antonio Ugalde,Asesor,Universidad de Playa Ancha de Ciencias de la Educación,"Valparaíso, Chile",33298,"Vulnerabilidad y Adaptación al cambio climático, medio ambiente y comunidades, gestión del agua y restauración ambiental. ","Profesor de Educación Técnico Profesional,UNIVERSIDAD DE PLAYA ANCHA DE CIENCIAS DE LA EDUCACION.Chile, 2013","Profesor huertos escolaresFull TimeEscuela Básica 351Santiago, Chile1981 - 1989","Gestor AmbientalFull TimeFondo Nacional de Saludvalparaíso, Chile2001 - 2009 - Profesional asesor en gestión ambiental localFull TimeMunicipalidad de La PintanaSantiago, Chile1990 - 1999 - Profesor huertos escolares y educación ambientalFull TimeEscuela básica 351Santiago, Chile1981 - 1989 - ProfesionalFull TimeUniversidad de Playa AnchaValparaíso, Chile2009 - A la fecha"
Sylvia Heroska Moraga Toledo,Académica-Coordinadora académica,Universidad de Playa Ancha de Ciencias de la Educación,"Quilpué, Chile",35785,"- Formación inicial de profesores de ciencias en el diseño de unidades de enseñanza y aprendizaje en contexto y modelizadoras.
- La contextualización como enfoque en el proceso de enseñanza
","Didáctica de las Matemáticas y de las Ciencias,UNIVERSIDAD AUTONOMA DE BARCELONA.España, 2018 - Dicatica de las matemáticas y de las ciencias experimentales,UNIVERSIDAD AUTONOMA DE BARCELONA.España, 2013 - Didáctica de las ciencias experimentales,PONTIFICIA UNIVERSIDAD CATOLICA DE VALPARAISO.Chile, 2010 - tecnologías de la Información y Comunicación,PONTIFICIA UNIVERSIDAD CATOLICA DE CHILE.Chile, 2007","AcadémicaPart TimeUNIVERSIDAD DE PLAYA ANCHA DE CIENCIAS DE LA EDUCACIONCiencias Naturales y Exactasvalparaiso, Chile2018 - A la fecha - AcadémicaPart TimePONTIFICIA UNIVERSIDAD CATOLICA DE VALPARAISOQuímicavalparaiso, Chile2010 - 2016 - AcadémicaPart TimeUNIVERSIDAD DE PLAYA ANCHA DE CIENCIAS DE LA EDUCACIONCiencias de Educaciónvalparaiso, Chile2010 - A la fecha","DocenteOtherPontificia Universidad Católica de valparaisoValparaiso, Chile2010 - 2016 - DocenteOtherUniversidad de Playa Anchavalparaiso, Chile2010 - A la fecha"
María Teresa Núñez Herrera,Profesora Asistente,Universidad de Playa Ancha de Ciencias de la Educación,"Valparaíso, Chile",37562,"Adquisición del Lenguaje, Escritura académica, Fonología y Fonética","Profesora de Castellano ,UNIVERSIDAD DE PLAYA ANCHA DE CIENCIAS DE LA EDUCACION.Chile, 2007 - Doctora en Lingüística,PONTIFICIA UNIVERSIDAD CATOLICA DE VALPARAISO.Chile, 2017 - Licenciatura en Educación,UNIVERSIDAD DE PLAYA ANCHA DE CIENCIAS DE LA EDUCACION.Chile, 2007","PROFESORA ASISTENTEFull TimeUNIVERSIDAD DE PLAYA ANCHA DE CIENCIAS DE LA EDUCACIONFACULTAD DE SALUDValparaíso, Chile2020 - A la fecha - PROFESORAPart TimeUNIVERSIDAD DE LAS AMERICASFACULTAD DE SALUDViña del Mar, Chile2017 - A la fecha - ProfesoraPart TimeUNIVERSIDAD DE VIÑA DEL MARFacultad de SaludViña del Mar, Chile2016 - 2019 - ProfesorPart TimePONTIFICIA UNIVERSIDAD CATOLICA DE VALPARAISOFACULTAD DE EDUCACIÓN Y FILOSOFÍAViña del Mar, Chile2012 - 2017 - Profesora AsistenteFull TimeUNIVERSIDAD DE PLAYA ANCHA DE CIENCIAS DE LA EDUCACIONFacultad de HumanidadesValparaíso, Chile2018 - A la fecha","Docente Magíster en Lingüística mención en Diialectología del Español Part TimeUNIVERSIDAD DE PLAYA ANCHAVALPARAÍSO, Chile2018 - A la fecha - Profesora asistenteFull TimeUniversidad de Playa AnchaValparaíso, Chile2017 - A la fecha"
Eileen Andrea Karmy Bolton,Investigadora académica,Universidad de Playa Ancha de Ciencias de la Educación,"Viña del mar, Chile",37962,"Música popular y política, trabajo, música y movimientos sociales, educación musical, análisis intertextual de la música. ","Musicología,UNIVERSIDAD DE CHILE.Chile, 2012 - Music,UNIVERSITY OF GLASGOW.Reino Unido, 2019 - Sociología,Universidad Alberto Hurtado.Chile, 2006","Profesora de cátedraOtherInstituto Catequístico de la Ponficia Universidad Católica de ChileSantiago, Chile2010 - 2010 - Profesora ayudante Historia de América LatinaPart TimeUniversidad Alberto HurtadoHumanidades y Ciencias Sociales Santiago, Chile2003 - 2006 - Graduate Teaching Assistant - Popular Music Politics, Ethnomusicology, Working in the Music IndustriesPart TimeUniversity of GlasgowCollege of ArtsGlasgow, Reino Unido2016 - 2019 - Graduate Teaching Assistant - Spanish Culture 1Part TimeUniversity of GlasgowGlasgow, Chile2018 - 2019 - Investigadora AcadémicaFull TimeUNIVERSIDAD DE PLAYA ANCHA DE CIENCIAS DE LA EDUCACIONViña del mar, Chile2021 - A la fecha","Directora de proyectoPart TimeMemoria Musical de ValparaísoValparaíso, Chile2015 - A la fecha - Investigadora principal de estudios sobre música popular chilenaPart TimeCrisol Estudios Sociales Santiago, Chile2010 - 2016 - Ayudante de investigación Estudio Condiciones sociales de músicos profesionales para SCDPart TimeNEX Group ConsultoresSantiago, Chile2013 - 2013 - Investigadora en proyectos de investigación y evaluación de política públicaFull TimeObservatorio Social de la Universidad Alberto HurtadoSantiago, Chile2006 - 2008 - Ayudante de investigación cualitativa Estudio de Contexto, Apreciación, Necesidades y Expectativas Educativas y Culturales de la Comuna de TenoPart TimeCentro de Investigación Avanzado en Educación (CIAE) de la Universidad de ChileTeno, Chile2010 - 2011 - Musicóloga y realizadora audiovisualPart TimePalimpsestos ProduccionesChile2014 - 2020 - Investigadora AcadémicaOtherCentro de Estudios Avanzados de la Universidad de Playa AnchaValparaíso, Chile2021 - A la fecha"
Marjorie Andrea Mardones Leiva,Coordinadora docente,Universidad de Playa Ancha de Ciencias de la Educación,"Valparaíso , Chile",38165,"Historia del libro, Historia del libro en Chile, Teorías del libro y la lectura, Historia de las bibliotecas, Fomento lector, Prácticas de lectura, Memoria bibliográfica, Patrimonio documental, Representaciones del libro y la lectura. ","Patrimonio,UNIVERSIDAD DE PLAYA ANCHA DE CIENCIAS DE LA EDUCACION.Chile, 2017 - Bibliotecólogo,UNIVERSIDAD DE PLAYA ANCHA DE CIENCIAS DE LA EDUCACION.Chile, 2007 - Licenciado en Ciencias de la Documentación,UNIVERSIDAD DE PLAYA ANCHA DE CIENCIAS DE LA EDUCACION.Chile, 2007 - Curso de capacitación TIC's para profesores de la Facultad de Ciencias Sociales,UNIVERSIDAD DE PLAYA ANCHA DE CIENCIAS DE LA EDUCACION.Chile, 2013","AcadémicaFull TimeUNIVERSIDAD DE PLAYA ANCHA DE CIENCIAS DE LA EDUCACIONCiencias SocialesValparaíso , Chile2011 - A la fecha - Coordinadora docente Full TimeUNIVERSIDAD DE PLAYA ANCHA DE CIENCIAS DE LA EDUCACIONCiencias SocialesValparaíso , Chile2012 - 2014 - Coordinadora Vinculación con el Medio Full TimeUNIVERSIDAD DE PLAYA ANCHA DE CIENCIAS DE LA EDUCACIONCiencias SocialesValparaíso, Chile2019 - A la fecha - DocentePart TimeCentro de Formación Técnico ENACSantiago , Chile2017 - 2018","Jefa Centro documental Full TimeAES GENER S.A. Ventanas , Chile2007 - 2011 - DocentePart TimeCentro de formación técnica ENACSantiago , Chile2017 - 2018 - Relatora curso Bibliometría para profesionales de la informaciónOtherOrganismo Técnico de Capacitación INFOCUSSantiago , Chile2018 - 2018 - Relatora curso Introducción de los estudios métricosOtherOrganismo técnico de capacitación INFOCUSSantiago , Chile2017 - 2017 - Relatora curso Referencia electrónica: estrategias de búsqueda asociadas para trabajadores de biblioteca INACAPOtherOrganismo técnico de capacitación INFOCUSValparaíso, Chile2018 - 2018 - Relatora Referencia electrónicaOtherOrganismo técnico de capacitación INFOCUSSantiago , Chile2017 - 2017 - Relatora curso Patrimonio BibliográficoOtherOrganismo técnico de capacitación INFOCUSSantiago , Chile2016 - 2016 - Relatora curso Fundamentos de la BibliometríaOtherOrganismo técnico de capacitación INFOCUSSantiago , Chile2017 - 2017 - Académica Full TimeUniversidad de Playa AnchaValparaíso , Chile2011 - A la fecha - Coordinadora docente BibliotecologíaFull TimeUniversidad de Playa AnchaValparaíso , Chile2012 - 2015 - Coordinadora docente BibliotecologíaFull TimeUniversidad de Playa AnchaValparaíso , Chile2017 - A la fecha - Coordinadora Vinculación con el Medio Facultad de Ciencias SocialesFull TimeUniversidad de Playa AnchaValparaíso , Chile2019 - A la fecha"
Francisco Javier Simon Salinas,Investigador de Posdoctorado,Universidad de Playa Ancha de Ciencias de la Educación,"Viña del Mar, Chile",31994,Poesía chilena e hispanoamericana; teoría queer; estudios culturales; teoría literaria,"Doctorado en Literatura,PONTIFICIA UNIVERSIDAD CATOLICA DE CHILE.Chile, 2016 - Magíster en Letras, mención Literatura,PONTIFICIA UNIVERSIDAD CATOLICA DE CHILE.Chile, 2012 - Licenciatura en Letras, mención Literatura y Lingüística Hispánicas,PONTIFICIA UNIVERSIDAD CATOLICA DE CHILE.Chile, 2010","DocentePart TimeUNIVERSIDAD DE TALCACiencias JurídicasTalca, Chile2015 - 2019 - DocentePart TimeUNIVERSIDAD ALBERTO HURTADOFilosofía y HumanidadesSantiago, Chile2014 - 2019 - DocentePart TimePONTIFICIA UNIVERSIDAD CATOLICA DE CHILELetrasSantiago, Chile2017 - 2017 - DocentePart TimeUNIVERSIDAD ANDRES BELLOEducación y Ciencias SocialesSantiago, Chile2018 - 2018 - Asistente AdjuntoPart TimePONTIFICIA UNIVERSIDAD CATOLICA DE CHILELetrasSantiago, Chile2015 - 2015 - Investigador de PosdoctoradoFull TimeUNIVERSIDAD DE PLAYA ANCHA DE CIENCIAS DE LA EDUCACIONCentro de Estudios AvanzadosViña del Mar, Chile2020 - A la fecha","Investigador de PosdoctoradoFull TimeUniversidad de Playa AnchaViña del Mar, Chile2020 - A la fecha"
Ivan Alexis Candia Caceres,Investigador,Universidad de Playa Ancha de Ciencias de la Educación,"Viña del Mar, Chile",19442,"Mi área de investigación es la narrativa hispanoamericana. Mis líneas de investigación son:
- Literatura de/sobre Valparaíso.
- Erotismo en la narrativa hispanoamericana contemporánea.
- Roberto Bolaño desde una perspectiva comparada.","Literatura,PONTIFICIA UNIVERSIDAD CATOLICA DE CHILE.Chile, 2009 - Literatura,UNIVERSIDAD DE PLAYA ANCHA DE CIENCIAS DE LA EDUCACION.Chile, 2004 - Periodista,UNIVERSIDAD DE PLAYA ANCHA DE CIENCIAS DE LA EDUCACION.Chile, 2002","Coordinador AcadémicoFull TimeUNIVERSIDAD DE PLAYA ANCHA DE CIENCIAS DE LA EDUCACIONCentro de Estudios Avanzados (CEA)Viña del Mar, Chile2014 - 2019 - AcadémicoPart TimeUNIVERSIDAD DE PLAYA ANCHA DE CIENCIAS DE LA EDUCACIONCampus San FelipeSan Felipe, Chile2011 - 2013","Director General de InvestigaciónFull TimeUniversidad de Playa AnchaViña del Mar, Chile2019 - 2020"
