,id
0,"1
0000-0001-5390-7552
25
34
-
2
A. L. Cabrera
-
-
-
3
Aaron A Cortes
7
2
-
4
Aaron JG Paredes
2
-
-
5
Aaron Ponce Chacon
-
-
-
6
Abdiel AFBS Barra
-
-
-
7
Abdoulaye Thiam
17
13
-
8
Abdy
-
-
-
9
Abel Eduardo Vasquez
-
3
-
10
abel martinez
-
-
-
11
Abigail A Farias
-
-
-
12
Abner A Zapata
-
-
-
13
Abner H. Poza
-
-
-
14
abraham sjhon
-
-
-
15
ada am rebolledo
-
-
-"
1,"1
0000-0001-5390-7552
25
34
-
2
A. L. Cabrera
-
-
-
3
Aaron A Cortes
7
2
-
4
Aaron JG Paredes
2
-
-
5
Aaron Ponce Chacon
-
-
-
6
Abdiel AFBS Barra
-
-
-
7
Abdoulaye Thiam
17
13
-
8
Abdy
-
-
-
9
Abel Eduardo Vasquez
-
3
-
10
abel martinez
-
-
-
11
Abigail A Farias
-
-
-
12
Abner A Zapata
-
-
-
13
Abner H. Poza
-
-
-
14
abraham sjhon
-
-
-
15
ada am rebolledo
-
-
-
16
Adams Fabrizio Vallejos Donoso
1
-
-
17
Adán Salinas Araya
38
-
-
18
Adela Montero
-
2
-
19
Adolfo Cisterna
18
13
-
20
Adrián Esteban Pereira Santana
4
-
-
21
Adrian G Palacios
91
-
-
22
Adrian G. Rodriguez
-
-
-
23
Adrian Garrido
10
31
-
24
ADRIAN GONZALEZ
-
-
-
25
Adrián I. Arancibia González
8
-
-
26
Adrian J. Hernandez Arias
35
126
2
27
Adrián Jaramillo
-
1
-
28
Adrian Moreno
15
33
-
29
Adrian Mundt
64
1
-
30
Adriana Acuna-Johnson
-
-
-"
2,"1
0000-0001-5390-7552
25
34
-
2
A. L. Cabrera
-
-
-
3
Aaron A Cortes
7
2
-
4
Aaron JG Paredes
2
-
-
5
Aaron Ponce Chacon
-
-
-
6
Abdiel AFBS Barra
-
-
-
7
Abdoulaye Thiam
17
13
-
8
Abdy
-
-
-
9
Abel Eduardo Vasquez
-
3
-
10
abel martinez
-
-
-
11
Abigail A Farias
-
-
-
12
Abner A Zapata
-
-
-
13
Abner H. Poza
-
-
-
14
abraham sjhon
-
-
-
15
ada am rebolledo
-
-
-
16
Adams Fabrizio Vallejos Donoso
1
-
-
17
Adán Salinas Araya
38
-
-
18
Adela Montero
-
2
-
19
Adolfo Cisterna
18
13
-
20
Adrián Esteban Pereira Santana
4
-
-
21
Adrian G Palacios
91
-
-
22
Adrian G. Rodriguez
-
-
-
23
Adrian Garrido
10
31
-
24
ADRIAN GONZALEZ
-
-
-
25
Adrián I. Arancibia González
8
-
-
26
Adrian J. Hernandez Arias
35
126
2
27
Adrián Jaramillo
-
1
-
28
Adrian Moreno
15
33
-
29
Adrian Mundt
64
1
-
30
Adriana Acuna-Johnson
-
-
-"
3,"1
0000-0001-5390-7552
25
34
-
2
A. L. Cabrera
-
-
-
3
Aaron A Cortes
7
2
-
4
Aaron JG Paredes
2
-
-
5
Aaron Ponce Chacon
-
-
-
6
Abdiel AFBS Barra
-
-
-
7
Abdoulaye Thiam
17
13
-
8
Abdy
-
-
-
9
Abel Eduardo Vasquez
-
3
-
10
abel martinez
-
-
-
11
Abigail A Farias
-
-
-
12
Abner A Zapata
-
-
-
13
Abner H. Poza
-
-
-
14
abraham sjhon
-
-
-
15
ada am rebolledo
-
-
-
16
Adams Fabrizio Vallejos Donoso
1
-
-
17
Adán Salinas Araya
38
-
-
18
Adela Montero
-
2
-
19
Adolfo Cisterna
18
13
-
20
Adrián Esteban Pereira Santana
4
-
-
21
Adrian G Palacios
91
-
-
22
Adrian G. Rodriguez
-
-
-
23
Adrian Garrido
10
31
-
24
ADRIAN GONZALEZ
-
-
-
25
Adrián I. Arancibia González
8
-
-
26
Adrian J. Hernandez Arias
35
126
2
27
Adrián Jaramillo
-
1
-
28
Adrian Moreno
15
33
-
29
Adrian Mundt
64
1
-
30
Adriana Acuna-Johnson
-
-
-"
4,"1
0000-0001-5390-7552
25
34
-
2
A. L. Cabrera
-
-
-
3
Aaron A Cortes
7
2
-
4
Aaron JG Paredes
2
-
-
5
Aaron Ponce Chacon
-
-
-
6
Abdiel AFBS Barra
-
-
-
7
Abdoulaye Thiam
17
13
-
8
Abdy
-
-
-
9
Abel Eduardo Vasquez
-
3
-
10
abel martinez
-
-
-
11
Abigail A Farias
-
-
-
12
Abner A Zapata
-
-
-
13
Abner H. Poza
-
-
-
14
abraham sjhon
-
-
-
15
ada am rebolledo
-
-
-
16
Adams Fabrizio Vallejos Donoso
1
-
-
17
Adán Salinas Araya
38
-
-
18
Adela Montero
-
2
-
19
Adolfo Cisterna
18
13
-
20
Adrián Esteban Pereira Santana
4
-
-
21
Adrian G Palacios
91
-
-
22
Adrian G. Rodriguez
-
-
-
23
Adrian Garrido
10
31
-
24
ADRIAN GONZALEZ
-
-
-
25
Adrián I. Arancibia González
8
-
-
26
Adrian J. Hernandez Arias
35
126
2
27
Adrián Jaramillo
-
1
-
28
Adrian Moreno
15
33
-
29
Adrian Mundt
64
1
-
30
Adriana Acuna-Johnson
-
-
-"
5,"1
0000-0001-5390-7552
25
34
-
2
A. L. Cabrera
-
-
-
3
Aaron A Cortes
7
2
-
4
Aaron JG Paredes
2
-
-
5
Aaron Ponce Chacon
-
-
-
6
Abdiel AFBS Barra
-
-
-
7
Abdoulaye Thiam
17
13
-
8
Abdy
-
-
-
9
Abel Eduardo Vasquez
-
3
-
10
abel martinez
-
-
-
11
Abigail A Farias
-
-
-
12
Abner A Zapata
-
-
-
13
Abner H. Poza
-
-
-
14
abraham sjhon
-
-
-
15
ada am rebolledo
-
-
-
16
Adams Fabrizio Vallejos Donoso
1
-
-
17
Adán Salinas Araya
38
-
-
18
Adela Montero
-
2
-
19
Adolfo Cisterna
18
13
-
20
Adrián Esteban Pereira Santana
4
-
-
21
Adrian G Palacios
91
-
-
22
Adrian G. Rodriguez
-
-
-
23
Adrian Garrido
10
31
-
24
ADRIAN GONZALEZ
-
-
-
25
Adrián I. Arancibia González
8
-
-
26
Adrian J. Hernandez Arias
35
126
2
27
Adrián Jaramillo
-
1
-
28
Adrian Moreno
15
33
-
29
Adrian Mundt
64
1
-
30
Adriana Acuna-Johnson
-
-
-"
6,"1
0000-0001-5390-7552
25
34
-
2
A. L. Cabrera
-
-
-
3
Aaron A Cortes
7
2
-
4
Aaron JG Paredes
2
-
-
5
Aaron Ponce Chacon
-
-
-
6
Abdiel AFBS Barra
-
-
-
7
Abdoulaye Thiam
17
13
-
8
Abdy
-
-
-
9
Abel Eduardo Vasquez
-
3
-
10
abel martinez
-
-
-
11
Abigail A Farias
-
-
-
12
Abner A Zapata
-
-
-
13
Abner H. Poza
-
-
-
14
abraham sjhon
-
-
-
15
ada am rebolledo
-
-
-
16
Adams Fabrizio Vallejos Donoso
1
-
-
17
Adán Salinas Araya
38
-
-
18
Adela Montero
-
2
-
19
Adolfo Cisterna
18
13
-
20
Adrián Esteban Pereira Santana
4
-
-
21
Adrian G Palacios
91
-
-
22
Adrian G. Rodriguez
-
-
-
23
Adrian Garrido
10
31
-
24
ADRIAN GONZALEZ
-
-
-
25
Adrián I. Arancibia González
8
-
-
26
Adrian J. Hernandez Arias
35
126
2
27
Adrián Jaramillo
-
1
-
28
Adrian Moreno
15
33
-
29
Adrian Mundt
64
1
-
30
Adriana Acuna-Johnson
-
-
-
31
Adriana Aranguiz Acuna
8
-
-
32
Adriana ARL Rivera
2
-
-
33
Adriana del Carmen Armijo
-
-
-
34
Adriana Espinoza
-
1
-
35
Adriana Lopes dos Santos
37
-
-
36
Adriana Viteri
-
-
-
37
Adriano Costa de Camargo
56
58
-
38
AGOSTINO MOLTENI
-
-
-
39
Agustin AAFW Figari
-
-
-
40
Agustin Avial Vial
-
-
-
41
Agustin Barroilhet
2
-
-
42
Agustin Frias Martin AFM frias martini
-
-
-
43
Agustín Martínez-Molina
8
-
-
44
Agustin Molina
7
-
-
45
agustin san pedro
-
-
-
46
Ahirton Contreras Cid
-
-
-
47
Ahmed El Alaoui
125
-
-
48
ahmed hasan
4
-
-
49
Ahmed S Abdelsalam
3
-
-
50
Aidan Hogan
30
-
-
51
Ainoa Marzabal
-
-
-
52
Alaín González Pose
-
1
-
53
Alain Manuel Chaple Gil
63
-
-
54
Alan Andres AB Bustamante
-
-
-
55
Alan C Gamin
-
-
-
56
Alan Ignacio Dominguez Montoya
-
-
-
57
Alan Neely
25
-
-
58
Alan R. Cabrera
-
1
-
59
Alan Zamorano
16
-
-
60
Alba ALR Lozano Romero
-
-
-"
